# built 2026-10-05 by build_go_taxon_constraints.py from go-edit.obo (asserted only_in / never_in taxon constraints; propagate to descendants yourself)
GO	constraint	taxon	taxon_name
GO:0000011	never_in	NCBITaxon:4896	Schizosaccharomyces pombe
GO:0000050	never_in	NCBITaxon:50557	Insecta
GO:0000105	never_in	NCBITaxon:7742	Vertebrata
GO:0000131	never_in	NCBITaxon:4895	Schizosaccharomyces
GO:0000132	only_in	NCBITaxon:2759	Eukaryota
GO:0000162	never_in	NCBITaxon:9606	Homo sapiens
GO:0000165	only_in	NCBITaxon:2759	Eukaryota
GO:0000278	only_in	NCBITaxon:2759	Eukaryota
GO:0000282	only_in	NCBITaxon:4751	Fungi
GO:0000324	only_in	NCBITaxon:4751	Fungi
GO:0000325	only_in	NCBITaxon:33090	Viridiplantae
GO:0000327	only_in	NCBITaxon:33090	Viridiplantae
GO:0000328	only_in	NCBITaxon:4751	Fungi
GO:0000329	only_in	NCBITaxon:4751	Fungi
GO:0000330	only_in	NCBITaxon:33090	Viridiplantae
GO:0000345	only_in	NCBITaxon:2	Bacteria
GO:0000365	never_in	NCBITaxon:4751	Fungi
GO:0000426	only_in	NCBITaxon:716545	saccharomyceta
GO:0000747	only_in	NCBITaxon_Union:0000022	Fungi or Dictyostelium
GO:0000748	only_in	NCBITaxon:5878	Ciliophora
GO:0000749	only_in	NCBITaxon:4751	Fungi
GO:0000751	only_in	NCBITaxon:4751	Fungi
GO:0000755	only_in	NCBITaxon:4751	Fungi
GO:0000795	never_in	NCBITaxon:4896	Schizosaccharomyces pombe
GO:0000804	never_in	NCBITaxon:40674	Mammalia
GO:0000805	never_in	NCBITaxon:8782	Aves
GO:0000806	never_in	NCBITaxon:8782	Aves
GO:0000807	never_in	NCBITaxon:40674	Mammalia
GO:0000908	only_in	NCBITaxon:2	Bacteria
GO:0000911	only_in	NCBITaxon:33090	Viridiplantae
GO:0000918	never_in	NCBITaxon:4896	Schizosaccharomyces pombe
GO:0000920	never_in	NCBITaxon:33208	Metazoa
GO:0000920	never_in	NCBITaxon:554915	Amoebozoa
GO:0000936	only_in	NCBITaxon:2759	Eukaryota
GO:0000956	only_in	NCBITaxon:2759	Eukaryota
GO:0000957	only_in	NCBITaxon:2759	Eukaryota
GO:0000958	only_in	NCBITaxon:2759	Eukaryota
GO:0000959	only_in	NCBITaxon:2759	Eukaryota
GO:0000963	only_in	NCBITaxon:2759	Eukaryota
GO:0000964	only_in	NCBITaxon:2759	Eukaryota
GO:0000965	only_in	NCBITaxon:2759	Eukaryota
GO:0001059	only_in	NCBITaxon:33090	Viridiplantae
GO:0001060	only_in	NCBITaxon:33090	Viridiplantae
GO:0001070	only_in	NCBITaxon:10239	Viruses
GO:0001072	never_in	NCBITaxon:2759	Eukaryota
GO:0001403	only_in	NCBITaxon:4751	Fungi
GO:0001410	only_in	NCBITaxon:4751	Fungi
GO:0001508	never_in	NCBITaxon:4895	Schizosaccharomyces
GO:0001514	never_in	NCBITaxon:3193	Embryophyta
GO:0001514	never_in	NCBITaxon:451864	Dikarya
GO:0001520	only_in	NCBITaxon:40674	Mammalia
GO:0001533	never_in	NCBITaxon:50557	Insecta
GO:0001533	only_in	NCBITaxon:33208	Metazoa
GO:0001555	only_in	NCBITaxon:33208	Metazoa
GO:0001556	only_in	NCBITaxon:33208	Metazoa
GO:0001573	never_in	NCBITaxon:50557	Insecta
GO:0001626	never_in	NCBITaxon:4751	Fungi
GO:0001673	only_in	NCBITaxon:2759	Eukaryota
GO:0001674	only_in	NCBITaxon:2759	Eukaryota
GO:0001700	only_in	NCBITaxon:50557	Insecta
GO:0001701	only_in	NCBITaxon:32525	Theria
GO:0001702	only_in	NCBITaxon:33511	Deuterostomia
GO:0001703	only_in	NCBITaxon:33317	Protostomia
GO:0001726	never_in	NCBITaxon:2	Bacteria
GO:0001726	never_in	NCBITaxon:33090	Viridiplantae
GO:0001726	never_in	NCBITaxon:4751	Fungi
GO:0001726	never_in	NCBITaxon:4890	Ascomycota
GO:0001734	only_in	NCBITaxon:2759	Eukaryota
GO:0001740	only_in	NCBITaxon:40674	Mammalia
GO:0001741	never_in	NCBITaxon:8782	Aves
GO:0001745	only_in	NCBITaxon:6656	Arthropoda
GO:0001748	only_in	NCBITaxon:6656	Arthropoda
GO:0001772	only_in	NCBITaxon:7742	Vertebrata
GO:0001775	only_in	NCBITaxon:33208	Metazoa
GO:0001776	only_in	NCBITaxon:7742	Vertebrata
GO:0001817	never_in	NCBITaxon:4896	Schizosaccharomyces pombe
GO:0001817	never_in	NCBITaxon:4932	Saccharomyces cerevisiae
GO:0001824	only_in	NCBITaxon:32525	Theria
GO:0001846	never_in	NCBITaxon:4751	Fungi
GO:0001848	never_in	NCBITaxon:4751	Fungi
GO:0001863	never_in	NCBITaxon:4751	Fungi
GO:0001890	only_in	NCBITaxon:32525	Theria
GO:0001896	never_in	NCBITaxon:33208	Metazoa
GO:0001909	only_in	NCBITaxon:7742	Vertebrata
GO:0001931	never_in	NCBITaxon:4751	Fungi
GO:0001967	only_in	NCBITaxon:40674	Mammalia
GO:0001968	never_in	NCBITaxon:4751	Fungi
GO:0001968	never_in	NCBITaxon:4895	Schizosaccharomyces
GO:0001968	never_in	NCBITaxon:4932	Saccharomyces cerevisiae
GO:0002030	never_in	NCBITaxon:4751	Fungi
GO:0002039	never_in	NCBITaxon:4751	Fungi
GO:0002046	never_in	NCBITaxon:4751	Fungi
GO:0002086	never_in	NCBITaxon:8782	Aves
GO:0002102	never_in	NCBITaxon:4751	Fungi
GO:0002119	only_in	NCBITaxon:33213	Bilateria
GO:0002162	never_in	NCBITaxon:4751	Fungi
GO:0002165	only_in	NCBITaxon:6656	Arthropoda
GO:0002224	never_in	NCBITaxon:7215	Drosophila
GO:0002227	only_in	NCBITaxon:7711	Chordata
GO:0002250	only_in	NCBITaxon:33208	Metazoa
GO:0002376	never_in	NCBITaxon:4895	Schizosaccharomyces
GO:0002384	only_in	NCBITaxon:7742	Vertebrata
GO:0002388	only_in	NCBITaxon:32524	Amniota
GO:0002389	only_in	NCBITaxon:32524	Amniota
GO:0002414	only_in	NCBITaxon:33208	Metazoa
GO:0002443	only_in	NCBITaxon:7742	Vertebrata
GO:0002499	only_in	NCBITaxon:2759	Eukaryota
GO:0002822	only_in	NCBITaxon:7776	Gnathostomata
GO:0003146	never_in	NCBITaxon:40674	Mammalia
GO:0003341	never_in	NCBITaxon:3176	Zygnematales
GO:0003341	never_in	NCBITaxon:3378	Gnetales
GO:0003341	never_in	NCBITaxon:3398	Magnoliopsida
GO:0003341	never_in	NCBITaxon:4890	Ascomycota
GO:0003341	never_in	NCBITaxon:5782	Dictyostelium
GO:0003341	never_in	NCBITaxon:58019	Pinopsida
GO:0003341	only_in	NCBITaxon:2759	Eukaryota
GO:0003365	never_in	NCBITaxon:4751	Fungi
GO:0003713	never_in	NCBITaxon:2	Bacteria
GO:0003885	never_in	NCBITaxon:4896	Schizosaccharomyces pombe
GO:0004122	never_in	NCBITaxon:4896	Schizosaccharomyces pombe
GO:0004123	never_in	NCBITaxon:4896	Schizosaccharomyces pombe
GO:0004131	never_in	NCBITaxon:7742	Vertebrata
GO:0004159	only_in	NCBITaxon:2	Bacteria
GO:0004161	never_in	NCBITaxon:4896	Schizosaccharomyces pombe
GO:0004164	only_in	NCBITaxon:2157	Archaea
GO:0004169	never_in	NCBITaxon:33090	Viridiplantae
GO:0004355	never_in	NCBITaxon:4896	Schizosaccharomyces pombe
GO:0004507	never_in	NCBITaxon:50557	Insecta
GO:0004617	never_in	NCBITaxon:4890	Ascomycota
GO:0004694	only_in	NCBITaxon:2759	Eukaryota
GO:0004705	never_in	NCBITaxon:4751	Fungi
GO:0004706	never_in	NCBITaxon:4751	Fungi
GO:0004925	never_in	NCBITaxon:4751	Fungi
GO:0005009	only_in	NCBITaxon:6072	Eumetazoa
GO:0005055	never_in	NCBITaxon:4751	Fungi
GO:0005125	never_in	NCBITaxon:4751	Fungi
GO:0005183	only_in	NCBITaxon:33208	Metazoa
GO:0005199	never_in	NCBITaxon:33208	Metazoa
GO:0005212	only_in	NCBITaxon:6072	Eumetazoa
GO:0005214	only_in	NCBITaxon:6656	Arthropoda
GO:0005326	only_in	NCBITaxon:6072	Eumetazoa
GO:0005368	never_in	NCBITaxon:4751	Fungi
GO:0005521	never_in	NCBITaxon:4751	Fungi
GO:0005521	only_in	NCBITaxon:33208	Metazoa
GO:0005581	only_in	NCBITaxon:33208	Metazoa
GO:0005618	never_in	NCBITaxon:33208	Metazoa
GO:0005628	only_in	NCBITaxon:4890	Ascomycota
GO:0005634	only_in	NCBITaxon:2759	Eukaryota
GO:0005663	never_in	NCBITaxon:2	Bacteria
GO:0005689	never_in	NCBITaxon:4890	Ascomycota
GO:0005722	never_in	NCBITaxon:4751	Fungi
GO:0005723	never_in	NCBITaxon:4751	Fungi
GO:0005725	never_in	NCBITaxon:4751	Fungi
GO:0005739	only_in	NCBITaxon:2759	Eukaryota
GO:0005764	never_in	NCBITaxon:4751	Fungi
GO:0005765	never_in	NCBITaxon:4751	Fungi
GO:0005768	only_in	NCBITaxon:2759	Eukaryota
GO:0005773	only_in	NCBITaxon:2759	Eukaryota
GO:0005783	only_in	NCBITaxon:2759	Eukaryota
GO:0005786	only_in	NCBITaxon:2759	Eukaryota
GO:0005793	only_in	NCBITaxon:2759	Eukaryota
GO:0005794	only_in	NCBITaxon:2759	Eukaryota
GO:0005801	only_in	NCBITaxon:2759	Eukaryota
GO:0005813	never_in	NCBITaxon:27896	Planariidae
GO:0005813	never_in	NCBITaxon:33090	Viridiplantae
GO:0005813	never_in	NCBITaxon:4751	Fungi
GO:0005816	only_in	NCBITaxon:4751	Fungi
GO:0005826	only_in	NCBITaxon:2759	Eukaryota
GO:0005850	only_in	NCBITaxon:2759	Eukaryota
GO:0005851	only_in	NCBITaxon:2759	Eukaryota
GO:0005852	only_in	NCBITaxon:2759	Eukaryota
GO:0005853	only_in	NCBITaxon:2759	Eukaryota
GO:0005883	only_in	NCBITaxon:6072	Eumetazoa
GO:0005899	only_in	NCBITaxon:6072	Eumetazoa
GO:0005902	never_in	NCBITaxon:4751	Fungi
GO:0005903	never_in	NCBITaxon:4751	Fungi
GO:0005917	only_in	NCBITaxon:50557	Insecta
GO:0005918	only_in	NCBITaxon:6656	Arthropoda
GO:0005921	only_in	NCBITaxon:6072	Eumetazoa
GO:0005929	never_in	NCBITaxon:3176	Zygnematales
GO:0005929	never_in	NCBITaxon:3378	Gnetales
GO:0005929	never_in	NCBITaxon:3398	Magnoliopsida
GO:0005929	never_in	NCBITaxon:4890	Ascomycota
GO:0005929	never_in	NCBITaxon:5782	Dictyostelium
GO:0005929	never_in	NCBITaxon:58019	Pinopsida
GO:0005929	only_in	NCBITaxon:2759	Eukaryota
GO:0005933	never_in	NCBITaxon:4895	Schizosaccharomyces
GO:0006061	never_in	NCBITaxon:4895	Schizosaccharomyces
GO:0006097	never_in	NCBITaxon:33511	Deuterostomia
GO:0006097	never_in	NCBITaxon:4895	Schizosaccharomyces
GO:0006097	never_in	NCBITaxon:6656	Arthropoda
GO:0006264	only_in	NCBITaxon:2759	Eukaryota
GO:0006360	only_in	NCBITaxon:2759	Eukaryota
GO:0006366	only_in	NCBITaxon:2759	Eukaryota
GO:0006383	only_in	NCBITaxon:2759	Eukaryota
GO:0006390	only_in	NCBITaxon:2759	Eukaryota
GO:0006393	only_in	NCBITaxon:2759	Eukaryota
GO:0006398	never_in	NCBITaxon:4890	Ascomycota
GO:0006540	never_in	NCBITaxon:4896	Schizosaccharomyces pombe
GO:0006540	never_in	NCBITaxon:4899	Schizosaccharomyces octosporus
GO:0006600	never_in	NCBITaxon:2157	Archaea
GO:0006600	never_in	NCBITaxon:33090	Viridiplantae
GO:0006600	never_in	NCBITaxon:4896	Schizosaccharomyces pombe
GO:0006600	never_in	NCBITaxon:50557	Insecta
GO:0006603	never_in	NCBITaxon:2	Bacteria
GO:0006603	never_in	NCBITaxon:2157	Archaea
GO:0006603	never_in	NCBITaxon:33090	Viridiplantae
GO:0006603	never_in	NCBITaxon:4751	Fungi
GO:0006603	never_in	NCBITaxon:50557	Insecta
GO:0006691	never_in	NCBITaxon:4751	Fungi
GO:0006693	only_in	NCBITaxon:6072	Eumetazoa
GO:0006699	only_in	NCBITaxon:6072	Eumetazoa
GO:0006789	never_in	NCBITaxon:4751	Fungi
GO:0006836	only_in	NCBITaxon:33208	Metazoa
GO:0006909	never_in	NCBITaxon:4751	Fungi
GO:0006914	only_in	NCBITaxon:2759	Eukaryota
GO:0006915	never_in	NCBITaxon:2	Bacteria
GO:0006915	never_in	NCBITaxon:4896	Schizosaccharomyces pombe
GO:0006915	only_in	NCBITaxon:33154	Opisthokonta
GO:0006954	only_in	NCBITaxon:7742	Vertebrata
GO:0007006	only_in	NCBITaxon:2759	Eukaryota
GO:0007040	never_in	NCBITaxon:4751	Fungi
GO:0007041	never_in	NCBITaxon:4751	Fungi
GO:0007052	only_in	NCBITaxon:2759	Eukaryota
GO:0007053	only_in	NCBITaxon:2759	Eukaryota
GO:0007056	only_in	NCBITaxon:2759	Eukaryota
GO:0007098	never_in	NCBITaxon:27896	Planariidae
GO:0007098	never_in	NCBITaxon:33090	Viridiplantae
GO:0007098	never_in	NCBITaxon:4751	Fungi
GO:0007114	never_in	NCBITaxon:33208	Metazoa
GO:0007114	never_in	NCBITaxon:4896	Schizosaccharomyces pombe
GO:0007140	never_in	NCBITaxon:4751	Fungi
GO:0007143	never_in	NCBITaxon:4751	Fungi
GO:0007159	only_in	NCBITaxon:33208	Metazoa
GO:0007159	only_in	NCBITaxon:7742	Vertebrata
GO:0007164	never_in	NCBITaxon:4751	Fungi
GO:0007179	only_in	NCBITaxon:33511	Deuterostomia
GO:0007218	never_in	NCBITaxon:4751	Fungi
GO:0007219	never_in	NCBITaxon:4751	Fungi
GO:0007232	never_in	NCBITaxon:4896	Schizosaccharomyces pombe
GO:0007234	never_in	NCBITaxon:4896	Schizosaccharomyces pombe
GO:0007252	never_in	NCBITaxon:4751	Fungi
GO:0007258	never_in	NCBITaxon:4895	Schizosaccharomyces
GO:0007276	never_in	NCBITaxon:2	Bacteria
GO:0007276	never_in	NCBITaxon:2157	Archaea
GO:0007276	never_in	NCBITaxon:4751	Fungi
GO:0007282	only_in	NCBITaxon:6656	Arthropoda
GO:0007293	only_in	NCBITaxon:6656	Arthropoda
GO:0007294	only_in	NCBITaxon:50557	Insecta
GO:0007295	only_in	NCBITaxon:50557	Insecta
GO:0007297	only_in	NCBITaxon:50557	Insecta
GO:0007299	only_in	NCBITaxon:50557	Insecta
GO:0007300	only_in	NCBITaxon:50557	Insecta
GO:0007301	only_in	NCBITaxon:50557	Insecta
GO:0007338	never_in	NCBITaxon:58024	Spermatophyta
GO:0007338	only_in	NCBITaxon:2759	Eukaryota
GO:0007400	only_in	NCBITaxon:33208	Metazoa
GO:0007403	only_in	NCBITaxon:33208	Metazoa
GO:0007405	only_in	NCBITaxon:33208	Metazoa
GO:0007407	only_in	NCBITaxon:33208	Metazoa
GO:0007424	only_in	NCBITaxon:6656	Arthropoda
GO:0007425	only_in	NCBITaxon:50557	Insecta
GO:0007426	only_in	NCBITaxon:33317	Protostomia
GO:0007427	only_in	NCBITaxon:33317	Protostomia
GO:0007428	only_in	NCBITaxon:33317	Protostomia
GO:0007429	only_in	NCBITaxon:33317	Protostomia
GO:0007430	only_in	NCBITaxon:33317	Protostomia
GO:0007444	only_in	NCBITaxon:6656	Arthropoda
GO:0007458	only_in	NCBITaxon:33392	Endopterygota
GO:0007480	only_in	NCBITaxon:33392	Endopterygota
GO:0007484	only_in	NCBITaxon:6656	Arthropoda
GO:0007486	only_in	NCBITaxon:33392	Endopterygota
GO:0007503	only_in	NCBITaxon:6656	Arthropoda
GO:0007516	only_in	NCBITaxon:6656	Arthropoda
GO:0007533	only_in	NCBITaxon:4751	Fungi
GO:0007540	never_in	NCBITaxon:8782	Aves
GO:0007565	only_in	NCBITaxon:40674	Mammalia
GO:0007591	only_in	NCBITaxon:6656	Arthropoda
GO:0007594	only_in	NCBITaxon:7147	Diptera
GO:0007595	only_in	NCBITaxon:40674	Mammalia
GO:0007610	only_in	NCBITaxon:33208	Metazoa
GO:0008013	never_in	NCBITaxon:4751	Fungi
GO:0008069	only_in	NCBITaxon:50557	Insecta
GO:0008088	only_in	NCBITaxon:33208	Metazoa
GO:0008137	never_in	NCBITaxon:4895	Schizosaccharomyces
GO:0008137	never_in	NCBITaxon:4930	Saccharomyces
GO:0008147	only_in	NCBITaxon:7742	Vertebrata
GO:0008188	never_in	NCBITaxon:4751	Fungi
GO:0008190	only_in	NCBITaxon:2759	Eukaryota
GO:0008203	never_in	NCBITaxon:4895	Schizosaccharomyces
GO:0008203	never_in	NCBITaxon:4930	Saccharomyces
GO:0008283	never_in	NCBITaxon:4751	Fungi
GO:0008284	never_in	NCBITaxon:4751	Fungi
GO:0008285	never_in	NCBITaxon:4751	Fungi
GO:0008286	only_in	NCBITaxon:6072	Eumetazoa
GO:0008302	only_in	NCBITaxon:50557	Insecta
GO:0008316	only_in	NCBITaxon:33213	Bilateria
GO:0008316	only_in	NCBITaxon:6656	Arthropoda
GO:0008347	only_in	NCBITaxon:33208	Metazoa
GO:0008364	only_in	NCBITaxon:50557	Insecta
GO:0008544	never_in	NCBITaxon:33090	Viridiplantae
GO:0008545	never_in	NCBITaxon:4751	Fungi
GO:0008583	only_in	NCBITaxon:33392	Endopterygota
GO:0008585	never_in	NCBITaxon:3398	Magnoliopsida
GO:0008623	never_in	NCBITaxon:4896	Schizosaccharomyces pombe
GO:0008705	never_in	NCBITaxon:4751	Fungi
GO:0008709	never_in	NCBITaxon:50557	Insecta
GO:0008767	never_in	NCBITaxon:4896	Schizosaccharomyces pombe
GO:0008815	only_in	NCBITaxon:2	Bacteria
GO:0008917	only_in	NCBITaxon:2	Bacteria
GO:0008918	only_in	NCBITaxon:2	Bacteria
GO:0008919	only_in	NCBITaxon:2	Bacteria
GO:0009008	never_in	NCBITaxon:4896	Schizosaccharomyces pombe
GO:0009047	never_in	NCBITaxon:8782	Aves
GO:0009048	never_in	NCBITaxon:8782	Aves
GO:0009048	only_in	NCBITaxon:32524	Amniota
GO:0009085	never_in	NCBITaxon:9606	Homo sapiens
GO:0009088	never_in	NCBITaxon:9606	Homo sapiens
GO:0009094	never_in	NCBITaxon:9606	Homo sapiens
GO:0009098	never_in	NCBITaxon:9606	Homo sapiens
GO:0009099	never_in	NCBITaxon:9606	Homo sapiens
GO:0009103	only_in	NCBITaxon:2	Bacteria
GO:0009236	only_in	NCBITaxon_Union:0000004	Prokaryota
GO:0009252	only_in	NCBITaxon:2	Bacteria
GO:0009271	never_in	NCBITaxon:4751	Fungi
GO:0009271	only_in	NCBITaxon:2	Bacteria
GO:0009272	only_in	NCBITaxon:4751	Fungi
GO:0009273	only_in	NCBITaxon:2	Bacteria
GO:0009274	only_in	NCBITaxon:2	Bacteria
GO:0009275	only_in	NCBITaxon:2	Bacteria
GO:0009276	only_in	NCBITaxon:2	Bacteria
GO:0009277	only_in	NCBITaxon:4751	Fungi
GO:0009288	only_in	NCBITaxon:2	Bacteria
GO:0009289	only_in	NCBITaxon:2	Bacteria
GO:0009291	only_in	NCBITaxon_Union:0000004	Prokaryota
GO:0009292	never_in	NCBITaxon:33208	Metazoa
GO:0009331	only_in	NCBITaxon_Union:0000004	Prokaryota
GO:0009346	only_in	NCBITaxon:2	Bacteria
GO:0009359	only_in	NCBITaxon_Union:0000004	Prokaryota
GO:0009399	only_in	NCBITaxon_Union:0000004	Prokaryota
GO:0009432	never_in	NCBITaxon:2759	Eukaryota
GO:0009486	only_in	NCBITaxon:2	Bacteria
GO:0009501	only_in	NCBITaxon:33090	Viridiplantae
GO:0009503	only_in	NCBITaxon:33090	Viridiplantae
GO:0009504	only_in	NCBITaxon:33090	Viridiplantae
GO:0009505	only_in	NCBITaxon:33090	Viridiplantae
GO:0009507	never_in	NCBITaxon:28009	Choanoflagellata
GO:0009507	never_in	NCBITaxon:33208	Metazoa
GO:0009507	never_in	NCBITaxon:4751	Fungi
GO:0009507	never_in	NCBITaxon:554915	Amoebozoa
GO:0009509	only_in	NCBITaxon:33090	Viridiplantae
GO:0009513	only_in	NCBITaxon:33090	Viridiplantae
GO:0009515	only_in	NCBITaxon:33090	Viridiplantae
GO:0009516	only_in	NCBITaxon:33090	Viridiplantae
GO:0009524	only_in	NCBITaxon:33090	Viridiplantae
GO:0009533	only_in	NCBITaxon:33090	Viridiplantae
GO:0009536	never_in	NCBITaxon:2	Bacteria
GO:0009536	never_in	NCBITaxon:2157	Archaea
GO:0009536	never_in	NCBITaxon:28009	Choanoflagellata
GO:0009536	never_in	NCBITaxon:33208	Metazoa
GO:0009536	never_in	NCBITaxon:4751	Fungi
GO:0009536	never_in	NCBITaxon:554915	Amoebozoa
GO:0009541	only_in	NCBITaxon:33090	Viridiplantae
GO:0009542	only_in	NCBITaxon:33090	Viridiplantae
GO:0009545	only_in	NCBITaxon:33090	Viridiplantae
GO:0009549	only_in	NCBITaxon:33090	Viridiplantae
GO:0009554	only_in	NCBITaxon:3398	Magnoliopsida
GO:0009556	only_in	NCBITaxon:3398	Magnoliopsida
GO:0009557	only_in	NCBITaxon:3398	Magnoliopsida
GO:0009558	only_in	NCBITaxon:3398	Magnoliopsida
GO:0009559	only_in	NCBITaxon:3398	Magnoliopsida
GO:0009560	only_in	NCBITaxon:3398	Magnoliopsida
GO:0009561	only_in	NCBITaxon:3398	Magnoliopsida
GO:0009562	only_in	NCBITaxon:3398	Magnoliopsida
GO:0009563	only_in	NCBITaxon:3398	Magnoliopsida
GO:0009567	only_in	NCBITaxon:3398	Magnoliopsida
GO:0009573	only_in	NCBITaxon:33090	Viridiplantae
GO:0009575	only_in	NCBITaxon_Union:0000006	Viridiplantae or Archaea or Bacteria
GO:0009576	only_in	NCBITaxon:33090	Viridiplantae
GO:0009577	only_in	NCBITaxon:33090	Viridiplantae
GO:0009578	only_in	NCBITaxon:33090	Viridiplantae
GO:0009579	never_in	NCBITaxon:33208	Metazoa
GO:0009626	only_in	NCBITaxon:3398	Magnoliopsida
GO:0009640	only_in	NCBITaxon:33090	Viridiplantae
GO:0009647	only_in	NCBITaxon:33090	Viridiplantae
GO:0009649	never_in	NCBITaxon:4896	Schizosaccharomyces pombe
GO:0009652	never_in	NCBITaxon:4890	Ascomycota
GO:0009655	only_in	NCBITaxon:33090	Viridiplantae
GO:0009656	only_in	NCBITaxon:33090	Viridiplantae
GO:0009657	never_in	NCBITaxon:28009	Choanoflagellata
GO:0009657	never_in	NCBITaxon:33208	Metazoa
GO:0009657	never_in	NCBITaxon:4751	Fungi
GO:0009657	never_in	NCBITaxon:554915	Amoebozoa
GO:0009664	only_in	NCBITaxon:33090	Viridiplantae
GO:0009677	only_in	NCBITaxon:3372	Gnetopsida
GO:0009704	only_in	NCBITaxon:33090	Viridiplantae
GO:0009705	only_in	NCBITaxon:33090	Viridiplantae
GO:0009725	never_in	NCBITaxon:4751	Fungi
GO:0009725	never_in	NCBITaxon:4890	Ascomycota
GO:0009755	never_in	NCBITaxon:4751	Fungi
GO:0009760	only_in	NCBITaxon:33090	Viridiplantae
GO:0009761	only_in	NCBITaxon:33090	Viridiplantae
GO:0009777	never_in	NCBITaxon:33208	Metazoa
GO:0009792	only_in	NCBITaxon:33208	Metazoa
GO:0009832	only_in	NCBITaxon:33090	Viridiplantae
GO:0009840	only_in	NCBITaxon:33090	Viridiplantae
GO:0009842	only_in	NCBITaxon:38254	Glaucocystophyceae
GO:0009853	only_in	NCBITaxon_Union:0000007	Viridiplantae or Bacteria or Euglenozoa
GO:0009856	only_in	NCBITaxon:33090	Viridiplantae
GO:0009864	only_in	NCBITaxon:33090	Viridiplantae
GO:0009866	only_in	NCBITaxon:33090	Viridiplantae
GO:0009877	only_in	NCBITaxon:33090	Viridiplantae
GO:0009887	only_in	NCBITaxon:6072	Eumetazoa
GO:0009888	never_in	NCBITaxon:147554	Schizosaccharomycetes
GO:0009888	never_in	NCBITaxon:33630	Alveolata
GO:0009888	never_in	NCBITaxon:33682	Euglenozoa
GO:0009888	never_in	NCBITaxon:38254	Glaucocystophyceae
GO:0009888	never_in	NCBITaxon:4891	Saccharomycetes
GO:0009888	only_in	NCBITaxon:2759	Eukaryota
GO:0009908	only_in	NCBITaxon:3398	Magnoliopsida
GO:0009920	only_in	NCBITaxon:33090	Viridiplantae
GO:0009930	only_in	NCBITaxon:2759	Eukaryota
GO:0009986	only_in	NCBITaxon:131567	cellular organisms
GO:0010001	only_in	NCBITaxon:33208	Metazoa
GO:0010006	only_in	NCBITaxon:33090	Viridiplantae
GO:0010007	only_in	NCBITaxon:33090	Viridiplantae
GO:0010014	only_in	NCBITaxon:33090	Viridiplantae
GO:0010019	only_in	NCBITaxon:33090	Viridiplantae
GO:0010049	only_in	NCBITaxon:33090	Viridiplantae
GO:0010051	only_in	NCBITaxon:33090	Viridiplantae
GO:0010069	only_in	NCBITaxon:3398	Magnoliopsida
GO:0010087	only_in	NCBITaxon:33090	Viridiplantae
GO:0010090	only_in	NCBITaxon:33090	Viridiplantae
GO:0010091	only_in	NCBITaxon:33090	Viridiplantae
GO:0010099	only_in	NCBITaxon:33090	Viridiplantae
GO:0010152	only_in	NCBITaxon:3398	Magnoliopsida
GO:0010154	only_in	NCBITaxon:58024	Spermatophyta
GO:0010166	never_in	NCBITaxon:4895	Schizosaccharomyces
GO:0010168	only_in	NCBITaxon:2759	Eukaryota
GO:0010197	only_in	NCBITaxon:3398	Magnoliopsida
GO:0010205	never_in	NCBITaxon:33208	Metazoa
GO:0010206	never_in	NCBITaxon:33208	Metazoa
GO:0010208	only_in	NCBITaxon:3398	Magnoliopsida
GO:0010214	only_in	NCBITaxon:33090	Viridiplantae
GO:0010236	only_in	NCBITaxon:33090	Viridiplantae
GO:0010239	never_in	NCBITaxon:28009	Choanoflagellata
GO:0010239	never_in	NCBITaxon:33208	Metazoa
GO:0010239	never_in	NCBITaxon:4751	Fungi
GO:0010239	never_in	NCBITaxon:554915	Amoebozoa
GO:0010242	only_in	NCBITaxon_Union:0000007	Viridiplantae or Bacteria or Euglenozoa
GO:0010278	only_in	NCBITaxon:33090	Viridiplantae
GO:0010287	only_in	NCBITaxon:33090	Viridiplantae
GO:0010319	only_in	NCBITaxon:33090	Viridiplantae
GO:0010330	only_in	NCBITaxon:33090	Viridiplantae
GO:0010338	only_in	NCBITaxon:33090	Viridiplantae
GO:0010358	only_in	NCBITaxon:33090	Viridiplantae
GO:0010368	only_in	NCBITaxon:33090	Viridiplantae
GO:0010374	only_in	NCBITaxon:33090	Viridiplantae
GO:0010377	only_in	NCBITaxon:33090	Viridiplantae
GO:0010380	never_in	NCBITaxon:33208	Metazoa
GO:0010433	only_in	NCBITaxon:33090	Viridiplantae
GO:0010434	only_in	NCBITaxon:33090	Viridiplantae
GO:0010436	never_in	NCBITaxon:4896	Schizosaccharomyces pombe
GO:0010436	never_in	NCBITaxon:4932	Saccharomyces cerevisiae
GO:0010547	never_in	NCBITaxon:33208	Metazoa
GO:0010548	never_in	NCBITaxon:33208	Metazoa
GO:0010591	never_in	NCBITaxon:4890	Ascomycota
GO:0010597	only_in	NCBITaxon:33090	Viridiplantae
GO:0010657	only_in	NCBITaxon:33208	Metazoa
GO:0010736	only_in	NCBITaxon:6072	Eumetazoa
GO:0010865	only_in	NCBITaxon:33090	Viridiplantae
GO:0012511	only_in	NCBITaxon:33090	Viridiplantae
GO:0014019	only_in	NCBITaxon:33213	Bilateria
GO:0014021	only_in	NCBITaxon:40674	Mammalia
GO:0014023	only_in	NCBITaxon:32443	Teleostei
GO:0014714	only_in	NCBITaxon:33213	Bilateria
GO:0014719	never_in	NCBITaxon:4751	Fungi
GO:0014832	never_in	NCBITaxon:8782	Aves
GO:0014850	never_in	NCBITaxon:4751	Fungi
GO:0014864	never_in	NCBITaxon:4751	Fungi
GO:0014869	never_in	NCBITaxon:4751	Fungi
GO:0014870	never_in	NCBITaxon:4751	Fungi
GO:0015127	never_in	NCBITaxon:4751	Fungi
GO:0015411	never_in	NCBITaxon:4751	Fungi
GO:0015432	never_in	NCBITaxon:50557	Insecta
GO:0015485	never_in	NCBITaxon:4751	Fungi
GO:0015627	only_in	NCBITaxon:2	Bacteria
GO:0015628	only_in	NCBITaxon:2	Bacteria
GO:0015723	never_in	NCBITaxon:4751	Fungi
GO:0015979	never_in	NCBITaxon:33208	Metazoa
GO:0015979	never_in	NCBITaxon:4895	Schizosaccharomyces
GO:0015994	never_in	NCBITaxon:33208	Metazoa
GO:0016007	only_in	NCBITaxon:2759	Eukaryota
GO:0016028	only_in	NCBITaxon:50557	Insecta
GO:0016032	never_in	NCBITaxon:4896	Schizosaccharomyces pombe
GO:0016116	never_in	NCBITaxon:4896	Schizosaccharomyces pombe
GO:0016116	never_in	NCBITaxon:4932	Saccharomyces cerevisiae
GO:0016120	never_in	NCBITaxon:7742	Vertebrata
GO:0016168	never_in	NCBITaxon:33208	Metazoa
GO:0016206	never_in	NCBITaxon:4890	Ascomycota
GO:0016212	never_in	NCBITaxon:4896	Schizosaccharomyces pombe
GO:0016281	only_in	NCBITaxon:2759	Eukaryota
GO:0016282	only_in	NCBITaxon:2759	Eukaryota
GO:0016323	only_in	NCBITaxon:33208	Metazoa
GO:0016348	only_in	NCBITaxon:33392	Endopterygota
GO:0016442	never_in	NCBITaxon:4896	Schizosaccharomyces pombe
GO:0016444	never_in	NCBITaxon:4751	Fungi
GO:0016456	never_in	NCBITaxon:8782	Aves
GO:0016477	never_in	NCBITaxon:4890	Ascomycota
GO:0016490	only_in	NCBITaxon:6656	Arthropoda
GO:0016528	never_in	NCBITaxon:4751	Fungi
GO:0016543	only_in	NCBITaxon:6656	Arthropoda
GO:0016544	only_in	NCBITaxon:6656	Arthropoda
GO:0016546	only_in	NCBITaxon:6656	Arthropoda
GO:0016605	only_in	NCBITaxon:6072	Eumetazoa
GO:0016922	never_in	NCBITaxon:2	Bacteria
GO:0016922	never_in	NCBITaxon:2157	Archaea
GO:0016922	never_in	NCBITaxon:4751	Fungi
GO:0017015	never_in	NCBITaxon:4751	Fungi
GO:0017113	only_in	NCBITaxon:2759	Eukaryota
GO:0017145	never_in	NCBITaxon:2	Bacteria
GO:0017145	never_in	NCBITaxon:2157	Archaea
GO:0017145	never_in	NCBITaxon:4751	Fungi
GO:0017147	never_in	NCBITaxon:4751	Fungi
GO:0018189	only_in	NCBITaxon:2	Bacteria
GO:0018679	only_in	NCBITaxon_Union:0000004	Prokaryota
GO:0018990	only_in	NCBITaxon:6656	Arthropoda
GO:0019035	only_in	NCBITaxon:10239	Viruses
GO:0019093	only_in	NCBITaxon:2759	Eukaryota
GO:0019270	only_in	NCBITaxon_Union:0000004	Prokaryota
GO:0019288	never_in	NCBITaxon:33208	Metazoa
GO:0019288	never_in	NCBITaxon:4751	Fungi
GO:0019350	only_in	NCBITaxon:2	Bacteria
GO:0019588	never_in	NCBITaxon:4895	Schizosaccharomyces
GO:0019654	never_in	NCBITaxon:4895	Schizosaccharomyces
GO:0019658	only_in	NCBITaxon:2	Bacteria
GO:0019725	only_in	NCBITaxon:131567	cellular organisms
GO:0019746	never_in	NCBITaxon:2	Bacteria
GO:0019746	never_in	NCBITaxon:33208	Metazoa
GO:0019763	never_in	NCBITaxon:4751	Fungi
GO:0019812	only_in	NCBITaxon_Union:0000004	Prokaryota
GO:0019813	only_in	NCBITaxon_Union:0000004	Prokaryota
GO:0019819	only_in	NCBITaxon:4952	Yarrowia lipolytica
GO:0019820	only_in	NCBITaxon:4952	Yarrowia lipolytica
GO:0019821	only_in	NCBITaxon:4952	Yarrowia lipolytica
GO:0019822	only_in	NCBITaxon:4952	Yarrowia lipolytica
GO:0019823	only_in	NCBITaxon:4952	Yarrowia lipolytica
GO:0019824	only_in	NCBITaxon:4952	Yarrowia lipolytica
GO:0019833	only_in	NCBITaxon:2	Bacteria
GO:0019838	never_in	NCBITaxon:2	Bacteria
GO:0019838	never_in	NCBITaxon:2157	Archaea
GO:0019838	never_in	NCBITaxon:4751	Fungi
GO:0019853	never_in	NCBITaxon:4890	Ascomycota
GO:0019853	never_in	NCBITaxon:9606	Homo sapiens
GO:0019905	only_in	NCBITaxon:2	Bacteria
GO:0019911	only_in	NCBITaxon:33208	Metazoa
GO:0019955	never_in	NCBITaxon:4751	Fungi
GO:0020007	only_in	NCBITaxon:5794	Apicomplexa
GO:0020009	only_in	NCBITaxon:2759	Eukaryota
GO:0020011	only_in	NCBITaxon:5794	Apicomplexa
GO:0020015	only_in	NCBITaxon:2759	Eukaryota
GO:0020020	only_in	NCBITaxon:5794	Apicomplexa
GO:0020022	never_in	NCBITaxon:4890	Ascomycota
GO:0020023	only_in	NCBITaxon:5653	Kinetoplastea
GO:0020026	only_in	NCBITaxon:5794	Apicomplexa
GO:0020030	only_in	NCBITaxon:5820	Plasmodium
GO:0020038	only_in	NCBITaxon:33682	Euglenozoa
GO:0020039	never_in	NCBITaxon:2	Bacteria
GO:0020039	never_in	NCBITaxon:33154	Opisthokonta
GO:0021533	only_in	NCBITaxon:89593	Craniata
GO:0021534	only_in	NCBITaxon:89593	Craniata
GO:0021535	only_in	NCBITaxon:89593	Craniata
GO:0021724	only_in	NCBITaxon:7742	Vertebrata
GO:0021725	only_in	NCBITaxon:7742	Vertebrata
GO:0022010	only_in	NCBITaxon:33213	Bilateria
GO:0022416	only_in	NCBITaxon:50557	Insecta
GO:0022602	only_in	NCBITaxon:33208	Metazoa
GO:0022619	only_in	NCBITaxon:3398	Magnoliopsida
GO:0022620	only_in	NCBITaxon:3398	Magnoliopsida
GO:0022620	only_in	NCBITaxon:58024	Spermatophyta
GO:0022625	only_in	NCBITaxon:131567	cellular organisms
GO:0022626	only_in	NCBITaxon:131567	cellular organisms
GO:0022627	only_in	NCBITaxon:131567	cellular organisms
GO:0022809	only_in	NCBITaxon:2	Bacteria
GO:0030027	never_in	NCBITaxon:4751	Fungi
GO:0030034	only_in	NCBITaxon:33208	Metazoa
GO:0030035	never_in	NCBITaxon:4751	Fungi
GO:0030054	never_in	NCBITaxon:4751	Fungi
GO:0030073	only_in	NCBITaxon:6072	Eumetazoa
GO:0030075	only_in	NCBITaxon:2	Bacteria
GO:0030077	only_in	NCBITaxon_Union:0000004	Prokaryota
GO:0030080	only_in	NCBITaxon_Union:0000004	Prokaryota
GO:0030081	only_in	NCBITaxon_Union:0000004	Prokaryota
GO:0030082	only_in	NCBITaxon_Union:0000004	Prokaryota
GO:0030085	only_in	NCBITaxon:33090	Viridiplantae
GO:0030093	only_in	NCBITaxon:33090	Viridiplantae
GO:0030097	only_in	NCBITaxon:6072	Eumetazoa
GO:0030111	never_in	NCBITaxon:4751	Fungi
GO:0030141	never_in	NCBITaxon:4890	Ascomycota
GO:0030175	never_in	NCBITaxon:4751	Fungi
GO:0030199	never_in	NCBITaxon:4751	Fungi
GO:0030202	never_in	NCBITaxon:4751	Fungi
GO:0030202	never_in	NCBITaxon:6656	Arthropoda
GO:0030212	never_in	NCBITaxon:4751	Fungi
GO:0030212	never_in	NCBITaxon:6656	Arthropoda
GO:0030256	only_in	NCBITaxon:2	Bacteria
GO:0030257	only_in	NCBITaxon:2	Bacteria
GO:0030313	only_in	NCBITaxon:2	Bacteria
GO:0030334	never_in	NCBITaxon:4890	Ascomycota
GO:0030386	only_in	NCBITaxon_Union:0000002	Viridiplantae or Cyanobacteria
GO:0030427	only_in	NCBITaxon:131567	cellular organisms
GO:0030428	only_in	NCBITaxon_Union:0000020	Fungi or Bacteria
GO:0030436	never_in	NCBITaxon:33083	Dictyostelia
GO:0030437	only_in	NCBITaxon:4890	Ascomycota
GO:0030479	only_in	NCBITaxon:4751	Fungi
GO:0030492	never_in	NCBITaxon:4751	Fungi
GO:0030511	never_in	NCBITaxon:4751	Fungi
GO:0030512	never_in	NCBITaxon:4751	Fungi
GO:0030537	only_in	NCBITaxon:6072	Eumetazoa
GO:0030584	only_in	NCBITaxon:4751	Fungi
GO:0030587	only_in	NCBITaxon:33083	Dictyostelia
GO:0030588	only_in	NCBITaxon:33208	Metazoa
GO:0030590	only_in	NCBITaxon:33213	Bilateria
GO:0030594	only_in	NCBITaxon:33208	Metazoa
GO:0030634	never_in	NCBITaxon:2759	Eukaryota
GO:0030680	only_in	NCBITaxon:2	Bacteria
GO:0030703	only_in	NCBITaxon:33208	Metazoa
GO:0030707	only_in	NCBITaxon:6656	Arthropoda
GO:0030717	only_in	NCBITaxon:50557	Insecta
GO:0030719	only_in	NCBITaxon:33208	Metazoa
GO:0030720	only_in	NCBITaxon:50557	Insecta
GO:0030723	only_in	NCBITaxon:50557	Insecta
GO:0030735	never_in	NCBITaxon:4751	Fungi
GO:0030879	only_in	NCBITaxon:40674	Mammalia
GO:0030881	never_in	NCBITaxon:4751	Fungi
GO:0030930	only_in	NCBITaxon:2	Bacteria
GO:0030931	only_in	NCBITaxon:2759	Eukaryota
GO:0030941	only_in	NCBITaxon:33090	Viridiplantae
GO:0030964	never_in	NCBITaxon:4896	Schizosaccharomyces pombe
GO:0030964	never_in	NCBITaxon:4932	Saccharomyces cerevisiae
GO:0030984	never_in	NCBITaxon:4751	Fungi
GO:0031039	only_in	NCBITaxon:5878	Ciliophora
GO:0031040	only_in	NCBITaxon:5878	Ciliophora
GO:0031048	never_in	NCBITaxon:4930	Saccharomyces
GO:0031094	only_in	NCBITaxon:2759	Eukaryota
GO:0031128	never_in	NCBITaxon:4895	Schizosaccharomyces
GO:0031252	never_in	NCBITaxon:4751	Fungi
GO:0031254	never_in	NCBITaxon:4751	Fungi
GO:0031299	only_in	NCBITaxon:2	Bacteria
GO:0031321	only_in	NCBITaxon:4890	Ascomycota
GO:0031370	only_in	NCBITaxon:2759	Eukaryota
GO:0031423	never_in	NCBITaxon:4751	Fungi
GO:0031425	never_in	NCBITaxon:28009	Choanoflagellata
GO:0031425	never_in	NCBITaxon:33208	Metazoa
GO:0031425	never_in	NCBITaxon:4751	Fungi
GO:0031425	never_in	NCBITaxon:554915	Amoebozoa
GO:0031436	only_in	NCBITaxon:6072	Eumetazoa
GO:0031469	only_in	NCBITaxon:2	Bacteria
GO:0031502	never_in	NCBITaxon:33090	Viridiplantae
GO:0031504	only_in	NCBITaxon:2	Bacteria
GO:0031505	only_in	NCBITaxon:4751	Fungi
GO:0031519	never_in	NCBITaxon:4890	Ascomycota
GO:0031522	only_in	NCBITaxon:2	Bacteria
GO:0031547	never_in	NCBITaxon:4751	Fungi
GO:0031548	never_in	NCBITaxon:4751	Fungi
GO:0031549	never_in	NCBITaxon:4751	Fungi
GO:0031550	never_in	NCBITaxon:4751	Fungi
GO:0031555	never_in	NCBITaxon:2759	Eukaryota
GO:0031556	never_in	NCBITaxon:2759	Eukaryota
GO:0031578	only_in	NCBITaxon:716545	saccharomyceta
GO:0031633	only_in	NCBITaxon_Union:0000004	Prokaryota
GO:0031639	only_in	NCBITaxon:7742	Vertebrata
GO:0031643	only_in	NCBITaxon:6072	Eumetazoa
GO:0031720	never_in	NCBITaxon:4751	Fungi
GO:0031897	only_in	NCBITaxon:33090	Viridiplantae
GO:0031910	never_in	NCBITaxon:4751	Fungi
GO:0031911	never_in	NCBITaxon:33208	Metazoa
GO:0031911	only_in	NCBITaxon:5878	Ciliophora
GO:0031912	only_in	NCBITaxon:5878	Ciliophora
GO:0031986	only_in	NCBITaxon:33090	Viridiplantae
GO:0032042	only_in	NCBITaxon:2759	Eukaryota
GO:0032043	only_in	NCBITaxon:2759	Eukaryota
GO:0032047	only_in	NCBITaxon:2759	Eukaryota
GO:0032068	only_in	NCBITaxon_Union:0000004	Prokaryota
GO:0032115	never_in	NCBITaxon:4896	Schizosaccharomyces pombe
GO:0032121	only_in	NCBITaxon:4751	Fungi
GO:0032186	only_in	NCBITaxon:147537	Saccharomycotina
GO:0032258	only_in	NCBITaxon:147537	Saccharomycotina
GO:0032286	only_in	NCBITaxon:33213	Bilateria
GO:0032289	only_in	NCBITaxon:33213	Bilateria
GO:0032291	only_in	NCBITaxon:33213	Bilateria
GO:0032293	only_in	NCBITaxon:33213	Bilateria
GO:0032420	never_in	NCBITaxon:4751	Fungi
GO:0032468	only_in	NCBITaxon:2759	Eukaryota
GO:0032469	only_in	NCBITaxon:2759	Eukaryota
GO:0032501	never_in	NCBITaxon:2	Bacteria
GO:0032501	never_in	NCBITaxon:2157	Archaea
GO:0032501	never_in	NCBITaxon:4896	Schizosaccharomyces pombe
GO:0032501	never_in	NCBITaxon:4932	Saccharomyces cerevisiae
GO:0032507	only_in	NCBITaxon:131567	cellular organisms
GO:0032528	never_in	NCBITaxon:4751	Fungi
GO:0032543	only_in	NCBITaxon:2759	Eukaryota
GO:0032544	never_in	NCBITaxon:2	Bacteria
GO:0032544	never_in	NCBITaxon:2157	Archaea
GO:0032544	never_in	NCBITaxon:28009	Choanoflagellata
GO:0032544	never_in	NCBITaxon:33208	Metazoa
GO:0032544	never_in	NCBITaxon:4751	Fungi
GO:0032544	never_in	NCBITaxon:554915	Amoebozoa
GO:0032727	only_in	NCBITaxon:6072	Eumetazoa
GO:0032729	only_in	NCBITaxon:6072	Eumetazoa
GO:0032755	only_in	NCBITaxon:6072	Eumetazoa
GO:0032980	never_in	NCBITaxon:6656	Arthropoda
GO:0033009	only_in	NCBITaxon:33090	Viridiplantae
GO:0033012	only_in	NCBITaxon:6072	Eumetazoa
GO:0033099	never_in	NCBITaxon:2759	Eukaryota
GO:0033104	only_in	NCBITaxon:2	Bacteria
GO:0033105	only_in	NCBITaxon_Union:0000004	Prokaryota
GO:0033173	only_in	NCBITaxon:33208	Metazoa
GO:0033189	only_in	NCBITaxon:33208	Metazoa
GO:0033259	never_in	NCBITaxon:2	Bacteria
GO:0033259	never_in	NCBITaxon:2157	Archaea
GO:0033259	never_in	NCBITaxon:28009	Choanoflagellata
GO:0033259	never_in	NCBITaxon:33208	Metazoa
GO:0033259	never_in	NCBITaxon:4751	Fungi
GO:0033259	never_in	NCBITaxon:554915	Amoebozoa
GO:0033260	only_in	NCBITaxon:2759	Eukaryota
GO:0033290	only_in	NCBITaxon:2759	Eukaryota
GO:0033291	only_in	NCBITaxon:2759	Eukaryota
GO:0033309	never_in	NCBITaxon:4895	Schizosaccharomyces
GO:0033384	never_in	NCBITaxon:4896	Schizosaccharomyces pombe
GO:0033528	only_in	NCBITaxon:33090	Viridiplantae
GO:0033614	only_in	NCBITaxon:33090	Viridiplantae
GO:0033615	only_in	NCBITaxon:2759	Eukaryota
GO:0033617	only_in	NCBITaxon:2759	Eukaryota
GO:0033643	never_in	NCBITaxon:7742	Vertebrata
GO:0033651	never_in	NCBITaxon:4751	Fungi
GO:0033693	only_in	NCBITaxon:33208	Metazoa
GO:0033703	never_in	NCBITaxon:50557	Insecta
GO:0033777	never_in	NCBITaxon:50557	Insecta
GO:0033780	never_in	NCBITaxon:50557	Insecta
GO:0033792	never_in	NCBITaxon:50557	Insecta
GO:0033876	never_in	NCBITaxon:50557	Insecta
GO:0033881	never_in	NCBITaxon:50557	Insecta
GO:0033882	never_in	NCBITaxon:50557	Insecta
GO:0034117	only_in	NCBITaxon:33208	Metazoa
GO:0034185	never_in	NCBITaxon:4751	Fungi
GO:0034189	never_in	NCBITaxon:4751	Fungi
GO:0034293	never_in	NCBITaxon:33083	Dictyostelia
GO:0034306	only_in	NCBITaxon:4751	Fungi
GO:0034332	never_in	NCBITaxon:4751	Fungi
GO:0034357	never_in	NCBITaxon:33208	Metazoa
GO:0034357	never_in	NCBITaxon:4751	Fungi
GO:0034400	only_in	NCBITaxon:33090	Viridiplantae
GO:0034460	never_in	NCBITaxon:4751	Fungi
GO:0034551	only_in	NCBITaxon:2759	Eukaryota
GO:0034553	only_in	NCBITaxon:2759	Eukaryota
GO:0034587	only_in	NCBITaxon:6072	Eumetazoa
GO:0034633	only_in	NCBITaxon:33208	Metazoa
GO:0034711	never_in	NCBITaxon:4751	Fungi
GO:0034736	never_in	NCBITaxon:4895	Schizosaccharomyces
GO:0034736	never_in	NCBITaxon:4930	Saccharomyces
GO:0034982	only_in	NCBITaxon:2759	Eukaryota
GO:0035001	only_in	NCBITaxon:50557	Insecta
GO:0035002	only_in	NCBITaxon:50557	Insecta
GO:0035018	only_in	NCBITaxon:6656	Arthropoda
GO:0035052	only_in	NCBITaxon:50557	Insecta
GO:0035053	only_in	NCBITaxon:50557	Insecta
GO:0035099	only_in	NCBITaxon:6656	Arthropoda
GO:0035147	only_in	NCBITaxon:33317	Protostomia
GO:0035152	only_in	NCBITaxon:33317	Protostomia
GO:0035153	only_in	NCBITaxon:50557	Insecta
GO:0035155	only_in	NCBITaxon:50557	Insecta
GO:0035157	only_in	NCBITaxon:50557	Insecta
GO:0035158	only_in	NCBITaxon:33317	Protostomia
GO:0035159	only_in	NCBITaxon:33317	Protostomia
GO:0035172	only_in	NCBITaxon:6656	Arthropoda
GO:0035194	never_in	NCBITaxon:4896	Schizosaccharomyces pombe
GO:0035194	never_in	NCBITaxon:4932	Saccharomyces cerevisiae
GO:0035196	never_in	NCBITaxon:4896	Schizosaccharomyces pombe
GO:0035198	never_in	NCBITaxon:4896	Schizosaccharomyces pombe
GO:0035207	only_in	NCBITaxon:6656	Arthropoda
GO:0035244	only_in	NCBITaxon:2	Bacteria
GO:0035277	only_in	NCBITaxon:33317	Protostomia
GO:0035287	never_in	NCBITaxon:7742	Vertebrata
GO:0035316	only_in	NCBITaxon:6656	Arthropoda
GO:0035437	only_in	NCBITaxon:2759	Eukaryota
GO:0035499	never_in	NCBITaxon:4751	Fungi
GO:0035633	only_in	NCBITaxon:6072	Eumetazoa
GO:0035658	never_in	NCBITaxon:4896	Schizosaccharomyces pombe
GO:0035670	only_in	NCBITaxon:3398	Magnoliopsida
GO:0035694	only_in	NCBITaxon:2759	Eukaryota
GO:0035804	only_in	NCBITaxon:33208	Metazoa
GO:0035805	only_in	NCBITaxon:33208	Metazoa
GO:0035965	never_in	NCBITaxon:4896	Schizosaccharomyces pombe
GO:0035994	never_in	NCBITaxon:4751	Fungi
GO:0035995	never_in	NCBITaxon:4751	Fungi
GO:0036007	only_in	NCBITaxon:2864	Dinophyceae
GO:0036053	never_in	NCBITaxon:2	Bacteria
GO:0036053	never_in	NCBITaxon:2157	Archaea
GO:0036053	never_in	NCBITaxon:4751	Fungi
GO:0036342	only_in	NCBITaxon:7711	Chordata
GO:0036386	only_in	NCBITaxon:2	Bacteria
GO:0036389	only_in	NCBITaxon:2	Bacteria
GO:0036411	only_in	NCBITaxon:2	Bacteria
GO:0036457	only_in	NCBITaxon:6072	Eumetazoa
GO:0038055	never_in	NCBITaxon:2	Bacteria
GO:0038055	never_in	NCBITaxon:2157	Archaea
GO:0038055	never_in	NCBITaxon:4751	Fungi
GO:0038063	never_in	NCBITaxon:4751	Fungi
GO:0038065	never_in	NCBITaxon:4751	Fungi
GO:0038084	only_in	NCBITaxon:7742	Vertebrata
GO:0038086	only_in	NCBITaxon:7742	Vertebrata
GO:0038089	only_in	NCBITaxon:7742	Vertebrata
GO:0038093	never_in	NCBITaxon:4751	Fungi
GO:0038100	never_in	NCBITaxon:4751	Fungi
GO:0038158	only_in	NCBITaxon:7742	Vertebrata
GO:0038161	never_in	NCBITaxon:4751	Fungi
GO:0038190	only_in	NCBITaxon:7742	Vertebrata
GO:0039660	never_in	NCBITaxon:131567	cellular organisms
GO:0039679	never_in	NCBITaxon:131567	cellular organisms
GO:0040002	only_in	NCBITaxon:6231	Nematoda
GO:0040003	only_in	NCBITaxon:6656	Arthropoda
GO:0040007	only_in	NCBITaxon:131567	cellular organisms
GO:0040011	never_in	NCBITaxon:451864	Dikarya
GO:0040021	only_in	NCBITaxon:6231	Nematoda
GO:0040025	only_in	NCBITaxon:6231	Nematoda
GO:0040033	only_in	NCBITaxon:2	Bacteria
GO:0042001	only_in	NCBITaxon:33213	Bilateria
GO:0042023	never_in	NCBITaxon:4896	Schizosaccharomyces pombe
GO:0042073	never_in	NCBITaxon:3176	Zygnematales
GO:0042073	never_in	NCBITaxon:3378	Gnetales
GO:0042073	never_in	NCBITaxon:3398	Magnoliopsida
GO:0042073	never_in	NCBITaxon:4890	Ascomycota
GO:0042073	never_in	NCBITaxon:5782	Dictyostelium
GO:0042073	never_in	NCBITaxon:58019	Pinopsida
GO:0042073	only_in	NCBITaxon:2759	Eukaryota
GO:0042127	never_in	NCBITaxon:4751	Fungi
GO:0042151	only_in	NCBITaxon:33208	Metazoa
GO:0042243	only_in	NCBITaxon_Union:0000020	Fungi or Bacteria
GO:0042246	never_in	NCBITaxon:4751	Fungi
GO:0042302	only_in	NCBITaxon:6072	Eumetazoa
GO:0042314	only_in	NCBITaxon_Union:0000004	Prokaryota
GO:0042329	only_in	NCBITaxon:6231	Nematoda
GO:0042339	never_in	NCBITaxon:4751	Fungi
GO:0042339	never_in	NCBITaxon:6656	Arthropoda
GO:0042386	only_in	NCBITaxon:6656	Arthropoda
GO:0042412	only_in	NCBITaxon:33208	Metazoa
GO:0042417	never_in	NCBITaxon:4751	Fungi
GO:0042445	never_in	NCBITaxon:4895	Schizosaccharomyces
GO:0042463	only_in	NCBITaxon:6656	Arthropoda
GO:0042464	never_in	NCBITaxon:8782	Aves
GO:0042470	never_in	NCBITaxon:4895	Schizosaccharomyces
GO:0042470	never_in	NCBITaxon:6237	Caenorhabditis
GO:0042470	only_in	NCBITaxon:33208	Metazoa
GO:0042475	only_in	NCBITaxon:7711	Chordata
GO:0042476	never_in	NCBITaxon:8782	Aves
GO:0042541	only_in	NCBITaxon:6072	Eumetazoa
GO:0042546	never_in	NCBITaxon:7742	Vertebrata
GO:0042556	only_in	NCBITaxon:2759	Eukaryota
GO:0042566	never_in	NCBITaxon:33090	Viridiplantae
GO:0042566	never_in	NCBITaxon:4890	Ascomycota
GO:0042579	only_in	NCBITaxon:2759	Eukaryota
GO:0042597	only_in	NCBITaxon_Union:0000023	Fungi or Bacteria or Archaea
GO:0042601	only_in	NCBITaxon:2	Bacteria
GO:0042603	only_in	NCBITaxon_Union:0000020	Fungi or Bacteria
GO:0042632	never_in	NCBITaxon:4751	Fungi
GO:0042633	never_in	NCBITaxon:8782	Aves
GO:0042633	only_in	NCBITaxon:40674	Mammalia
GO:0042649	only_in	NCBITaxon:33090	Viridiplantae
GO:0042650	only_in	NCBITaxon:33090	Viridiplantae
GO:0042697	only_in	NCBITaxon:40674	Mammalia
GO:0042698	only_in	NCBITaxon:2759	Eukaryota
GO:0042716	only_in	NCBITaxon:2	Bacteria
GO:0042735	only_in	NCBITaxon:2759	Eukaryota
GO:0042764	only_in	NCBITaxon:4890	Ascomycota
GO:0042775	only_in	NCBITaxon:2759	Eukaryota
GO:0042776	only_in	NCBITaxon:2759	Eukaryota
GO:0042777	only_in	NCBITaxon_Union:0000004	Prokaryota
GO:0042793	only_in	NCBITaxon:2759	Eukaryota
GO:0042981	never_in	NCBITaxon:4896	Schizosaccharomyces pombe
GO:0043005	never_in	NCBITaxon:4751	Fungi
GO:0043009	only_in	NCBITaxon:7711	Chordata
GO:0043010	never_in	NCBITaxon:6656	Arthropoda
GO:0043036	only_in	NCBITaxon:33090	Viridiplantae
GO:0043045	never_in	NCBITaxon:2	Bacteria
GO:0043045	never_in	NCBITaxon:2157	Archaea
GO:0043045	never_in	NCBITaxon:4751	Fungi
GO:0043066	never_in	NCBITaxon:4896	Schizosaccharomyces pombe
GO:0043082	only_in	NCBITaxon:33090	Viridiplantae
GO:0043093	never_in	NCBITaxon:2759	Eukaryota
GO:0043123	only_in	NCBITaxon:6072	Eumetazoa
GO:0043164	only_in	NCBITaxon:2	Bacteria
GO:0043165	only_in	NCBITaxon:2	Bacteria
GO:0043190	only_in	NCBITaxon:131567	cellular organisms
GO:0043202	never_in	NCBITaxon:4751	Fungi
GO:0043209	only_in	NCBITaxon:33208	Metazoa
GO:0043236	never_in	NCBITaxon:4895	Schizosaccharomyces
GO:0043236	never_in	NCBITaxon:4932	Saccharomyces cerevisiae
GO:0043256	never_in	NCBITaxon:4751	Fungi
GO:0043263	never_in	NCBITaxon:33208	Metazoa
GO:0043292	only_in	NCBITaxon:6072	Eumetazoa
GO:0043293	never_in	NCBITaxon:4890	Ascomycota
GO:0043299	only_in	NCBITaxon:7742	Vertebrata
GO:0043386	only_in	NCBITaxon:4751	Fungi
GO:0043473	only_in	NCBITaxon:131567	cellular organisms
GO:0043504	only_in	NCBITaxon:2759	Eukaryota
GO:0043506	never_in	NCBITaxon:4895	Schizosaccharomyces
GO:0043532	never_in	NCBITaxon:4751	Fungi
GO:0043559	never_in	NCBITaxon:4751	Fungi
GO:0043560	never_in	NCBITaxon:4751	Fungi
GO:0043588	never_in	NCBITaxon:50557	Insecta
GO:0043588	never_in	NCBITaxon:6656	Arthropoda
GO:0043590	only_in	NCBITaxon:2	Bacteria
GO:0043591	only_in	NCBITaxon:2	Bacteria
GO:0043595	only_in	NCBITaxon:2	Bacteria
GO:0043597	only_in	NCBITaxon_Union:0000004	Prokaryota
GO:0043616	never_in	NCBITaxon:6656	Arthropoda
GO:0043682	only_in	NCBITaxon:2	Bacteria
GO:0043684	only_in	NCBITaxon:2	Bacteria
GO:0043698	never_in	NCBITaxon:4895	Schizosaccharomyces
GO:0043700	never_in	NCBITaxon:4895	Schizosaccharomyces
GO:0043701	never_in	NCBITaxon:4895	Schizosaccharomyces
GO:0043702	never_in	NCBITaxon:4896	Schizosaccharomyces pombe
GO:0043702	never_in	NCBITaxon:4932	Saccharomyces cerevisiae
GO:0043711	only_in	NCBITaxon:2	Bacteria
GO:0043715	only_in	NCBITaxon:2	Bacteria
GO:0043716	only_in	NCBITaxon:2	Bacteria
GO:0043952	only_in	NCBITaxon:2	Bacteria
GO:0044003	never_in	NCBITaxon:33090	Viridiplantae
GO:0044003	never_in	NCBITaxon:7742	Vertebrata
GO:0044024	never_in	NCBITaxon:4751	Fungi
GO:0044105	only_in	NCBITaxon:4890	Ascomycota
GO:0044222	only_in	NCBITaxon_Union:0000004	Prokaryota
GO:0044223	only_in	NCBITaxon:2	Bacteria
GO:0044227	only_in	NCBITaxon_Union:0000004	Prokaryota
GO:0044297	never_in	NCBITaxon:4890	Ascomycota
GO:0044305	never_in	NCBITaxon:8782	Aves
GO:0044311	only_in	NCBITaxon:2759	Eukaryota
GO:0044312	only_in	NCBITaxon:5794	Apicomplexa
GO:0044393	never_in	NCBITaxon:4751	Fungi
GO:0044419	never_in	NCBITaxon:4895	Schizosaccharomyces
GO:0044423	never_in	NCBITaxon:131567	cellular organisms
GO:0044548	never_in	NCBITaxon:4751	Fungi
GO:0044682	only_in	NCBITaxon:2157	Archaea
GO:0044730	never_in	NCBITaxon:4751	Fungi
GO:0044770	only_in	NCBITaxon:2759	Eukaryota
GO:0044781	only_in	NCBITaxon:2	Bacteria
GO:0044782	only_in	NCBITaxon:2759	Eukaryota
GO:0044787	only_in	NCBITaxon:2	Bacteria
GO:0044849	only_in	NCBITaxon:32525	Theria
GO:0044850	only_in	NCBITaxon:9443	Primates
GO:0045087	never_in	NCBITaxon:2	Bacteria
GO:0045087	never_in	NCBITaxon:2157	Archaea
GO:0045087	never_in	NCBITaxon:4751	Fungi
GO:0045120	only_in	NCBITaxon:33208	Metazoa
GO:0045136	only_in	NCBITaxon:33208	Metazoa
GO:0045138	only_in	NCBITaxon:6231	Nematoda
GO:0045152	only_in	NCBITaxon:2	Bacteria
GO:0045169	only_in	NCBITaxon:6072	Eumetazoa
GO:0045170	only_in	NCBITaxon:6656	Arthropoda
GO:0045172	only_in	NCBITaxon:6656	Arthropoda
GO:0045179	never_in	NCBITaxon:4890	Ascomycota
GO:0045180	never_in	NCBITaxon:4890	Ascomycota
GO:0045202	only_in	NCBITaxon:33208	Metazoa
GO:0045216	never_in	NCBITaxon:4751	Fungi
GO:0045247	only_in	NCBITaxon_Union:0000004	Prokaryota
GO:0045249	only_in	NCBITaxon_Union:0000004	Prokaryota
GO:0045294	never_in	NCBITaxon:4751	Fungi
GO:0045295	never_in	NCBITaxon:4751	Fungi
GO:0045295	never_in	NCBITaxon:50557	Insecta
GO:0045314	only_in	NCBITaxon:6656	Arthropoda
GO:0045321	only_in	NCBITaxon:7742	Vertebrata
GO:0045335	never_in	NCBITaxon:4751	Fungi
GO:0045498	only_in	NCBITaxon:50557	Insecta
GO:0045569	never_in	NCBITaxon:4751	Fungi
GO:0045664	only_in	NCBITaxon:33208	Metazoa
GO:0045688	only_in	NCBITaxon:3398	Magnoliopsida
GO:0045691	only_in	NCBITaxon:3398	Magnoliopsida
GO:0045694	only_in	NCBITaxon:3398	Magnoliopsida
GO:0045697	only_in	NCBITaxon:3398	Magnoliopsida
GO:0045747	never_in	NCBITaxon:4751	Fungi
GO:0046146	never_in	NCBITaxon:4896	Schizosaccharomyces pombe
GO:0046332	never_in	NCBITaxon:4751	Fungi
GO:0046594	only_in	NCBITaxon:33208	Metazoa
GO:0046605	never_in	NCBITaxon:27896	Planariidae
GO:0046605	never_in	NCBITaxon:33090	Viridiplantae
GO:0046605	never_in	NCBITaxon:4751	Fungi
GO:0046608	never_in	NCBITaxon:4896	Schizosaccharomyces pombe
GO:0046608	never_in	NCBITaxon:4932	Saccharomyces cerevisiae
GO:0046626	only_in	NCBITaxon:6072	Eumetazoa
GO:0046695	never_in	NCBITaxon:4896	Schizosaccharomyces pombe
GO:0046716	never_in	NCBITaxon:4751	Fungi
GO:0046847	never_in	NCBITaxon:4751	Fungi
GO:0046850	only_in	NCBITaxon:6072	Eumetazoa
GO:0046850	only_in	NCBITaxon:7742	Vertebrata
GO:0046858	only_in	NCBITaxon_Union:0000004	Prokaryota
GO:0046868	only_in	NCBITaxon:2	Bacteria
GO:0046905	never_in	NCBITaxon:33208	Metazoa
GO:0046905	never_in	NCBITaxon:4896	Schizosaccharomyces pombe
GO:0046977	never_in	NCBITaxon:4751	Fungi
GO:0046980	never_in	NCBITaxon:4751	Fungi
GO:0047006	never_in	NCBITaxon:50557	Insecta
GO:0047007	never_in	NCBITaxon:50557	Insecta
GO:0047008	never_in	NCBITaxon:50557	Insecta
GO:0047013	never_in	NCBITaxon:50557	Insecta
GO:0047022	never_in	NCBITaxon:50557	Insecta
GO:0047023	never_in	NCBITaxon:50557	Insecta
GO:0047024	never_in	NCBITaxon:50557	Insecta
GO:0047035	never_in	NCBITaxon:50557	Insecta
GO:0047043	never_in	NCBITaxon:50557	Insecta
GO:0047044	never_in	NCBITaxon:50557	Insecta
GO:0047045	never_in	NCBITaxon:50557	Insecta
GO:0047077	only_in	NCBITaxon:71193	Elateroidea
GO:0047270	only_in	NCBITaxon:2	Bacteria
GO:0047474	only_in	NCBITaxon:2	Bacteria
GO:0047521	never_in	NCBITaxon:50557	Insecta
GO:0047522	only_in	NCBITaxon:6072	Eumetazoa
GO:0047704	never_in	NCBITaxon:50557	Insecta
GO:0047730	never_in	NCBITaxon:4751	Fungi
GO:0047742	never_in	NCBITaxon:50557	Insecta
GO:0047747	never_in	NCBITaxon:50557	Insecta
GO:0047963	never_in	NCBITaxon:50557	Insecta
GO:0048010	never_in	NCBITaxon:2	Bacteria
GO:0048010	never_in	NCBITaxon:2157	Archaea
GO:0048010	never_in	NCBITaxon:4751	Fungi
GO:0048010	only_in	NCBITaxon:6072	Eumetazoa
GO:0048046	only_in	NCBITaxon:33090	Viridiplantae
GO:0048058	only_in	NCBITaxon:6656	Arthropoda
GO:0048065	only_in	NCBITaxon:6656	Arthropoda
GO:0048072	only_in	NCBITaxon:6656	Arthropoda
GO:0048085	only_in	NCBITaxon:6656	Arthropoda
GO:0048102	only_in	NCBITaxon:2759	Eukaryota
GO:0048104	never_in	NCBITaxon:8782	Aves
GO:0048132	only_in	NCBITaxon:6656	Arthropoda
GO:0048138	only_in	NCBITaxon:50557	Insecta
GO:0048158	only_in	NCBITaxon:40674	Mammalia
GO:0048160	only_in	NCBITaxon:40674	Mammalia
GO:0048161	only_in	NCBITaxon:40674	Mammalia
GO:0048162	only_in	NCBITaxon:40674	Mammalia
GO:0048163	only_in	NCBITaxon:40674	Mammalia
GO:0048164	only_in	NCBITaxon:40674	Mammalia
GO:0048165	only_in	NCBITaxon:40674	Mammalia
GO:0048166	only_in	NCBITaxon:40674	Mammalia
GO:0048168	only_in	NCBITaxon:6072	Eumetazoa
GO:0048217	only_in	NCBITaxon:33090	Viridiplantae
GO:0048223	only_in	NCBITaxon:33090	Viridiplantae
GO:0048224	only_in	NCBITaxon:33090	Viridiplantae
GO:0048225	only_in	NCBITaxon:33090	Viridiplantae
GO:0048226	only_in	NCBITaxon:33090	Viridiplantae
GO:0048229	only_in	NCBITaxon:3398	Magnoliopsida
GO:0048235	only_in	NCBITaxon:3398	Magnoliopsida
GO:0048236	only_in	NCBITaxon:33090	Viridiplantae
GO:0048273	only_in	NCBITaxon:33208	Metazoa
GO:0048309	never_in	NCBITaxon:4896	Schizosaccharomyces pombe
GO:0048314	only_in	NCBITaxon:3398	Magnoliopsida
GO:0048315	never_in	NCBITaxon:147554	Schizosaccharomycetes
GO:0048315	never_in	NCBITaxon:2	Bacteria
GO:0048315	never_in	NCBITaxon:2157	Archaea
GO:0048315	never_in	NCBITaxon:241407	Saccharomycetales incertae sedis
GO:0048315	never_in	NCBITaxon:33208	Metazoa
GO:0048315	never_in	NCBITaxon:451866	Taphrinomycotina
GO:0048315	never_in	NCBITaxon:4930	Saccharomyces
GO:0048364	only_in	NCBITaxon:33090	Viridiplantae
GO:0048477	only_in	NCBITaxon:33208	Metazoa
GO:0048479	only_in	NCBITaxon:33090	Viridiplantae
GO:0048480	only_in	NCBITaxon:33090	Viridiplantae
GO:0048481	only_in	NCBITaxon:33090	Viridiplantae
GO:0048482	only_in	NCBITaxon:33090	Viridiplantae
GO:0048493	only_in	NCBITaxon:1117	Cyanobacteriota
GO:0048501	only_in	NCBITaxon_Union:0000004	Prokaryota
GO:0048507	only_in	NCBITaxon:33090	Viridiplantae
GO:0048511	only_in	NCBITaxon:131567	cellular organisms
GO:0048540	only_in	NCBITaxon:8457	Sauropsida
GO:0048542	only_in	NCBITaxon:6656	Arthropoda
GO:0048555	only_in	NCBITaxon:3398	Magnoliopsida
GO:0048573	only_in	NCBITaxon:3398	Magnoliopsida
GO:0048586	only_in	NCBITaxon:3398	Magnoliopsida
GO:0048587	only_in	NCBITaxon:3398	Magnoliopsida
GO:0048600	only_in	NCBITaxon:33208	Metazoa
GO:0048601	only_in	NCBITaxon:33208	Metazoa
GO:0048623	only_in	NCBITaxon:33090	Viridiplantae
GO:0048624	only_in	NCBITaxon:33090	Viridiplantae
GO:0048658	only_in	NCBITaxon:33090	Viridiplantae
GO:0048737	only_in	NCBITaxon:6656	Arthropoda
GO:0048750	only_in	NCBITaxon:6656	Arthropoda
GO:0048826	only_in	NCBITaxon:33090	Viridiplantae
GO:0048827	only_in	NCBITaxon:33090	Viridiplantae
GO:0048829	only_in	NCBITaxon:33090	Viridiplantae
GO:0048838	only_in	NCBITaxon:33090	Viridiplantae
GO:0048840	only_in	NCBITaxon:7742	Vertebrata
GO:0048863	never_in	NCBITaxon:4751	Fungi
GO:0048870	never_in	NCBITaxon:4890	Ascomycota
GO:0050062	only_in	NCBITaxon:2	Bacteria
GO:0050085	never_in	NCBITaxon:4896	Schizosaccharomyces pombe
GO:0050321	never_in	NCBITaxon:4751	Fungi
GO:0050322	only_in	NCBITaxon:2	Bacteria
GO:0050323	only_in	NCBITaxon:2	Bacteria
GO:0050325	only_in	NCBITaxon:33208	Metazoa
GO:0050435	never_in	NCBITaxon:4751	Fungi
GO:0050655	never_in	NCBITaxon:4751	Fungi
GO:0050655	never_in	NCBITaxon:6656	Arthropoda
GO:0050764	never_in	NCBITaxon:147537	Saccharomycotina
GO:0050803	only_in	NCBITaxon:6072	Eumetazoa
GO:0050845	only_in	NCBITaxon:2	Bacteria
GO:0050865	never_in	NCBITaxon:4890	Ascomycota
GO:0050870	never_in	NCBITaxon:4896	Schizosaccharomyces pombe
GO:0050870	never_in	NCBITaxon:4932	Saccharomyces cerevisiae
GO:0050870	only_in	NCBITaxon:6072	Eumetazoa
GO:0050873	never_in	NCBITaxon:8782	Aves
GO:0050877	only_in	NCBITaxon:33208	Metazoa
GO:0050900	only_in	NCBITaxon:7742	Vertebrata
GO:0050959	never_in	NCBITaxon:10090	Mus musculus
GO:0050959	never_in	NCBITaxon:9443	Primates
GO:0050959	only_in	NCBITaxon:32524	Amniota
GO:0051077	only_in	NCBITaxon:2759	Eukaryota
GO:0051300	only_in	NCBITaxon:4751	Fungi
GO:0051321	only_in	NCBITaxon:2759	Eukaryota
GO:0051417	only_in	NCBITaxon:4751	Fungi
GO:0051457	only_in	NCBITaxon:2759	Eukaryota
GO:0051489	never_in	NCBITaxon:4751	Fungi
GO:0051489	never_in	NCBITaxon:4890	Ascomycota
GO:0051490	never_in	NCBITaxon:4890	Ascomycota
GO:0051546	never_in	NCBITaxon:6656	Arthropoda
GO:0051560	only_in	NCBITaxon:2759	Eukaryota
GO:0051640	only_in	NCBITaxon:2759	Eukaryota
GO:0051644	never_in	NCBITaxon:28009	Choanoflagellata
GO:0051644	never_in	NCBITaxon:33208	Metazoa
GO:0051644	never_in	NCBITaxon:4751	Fungi
GO:0051644	never_in	NCBITaxon:554915	Amoebozoa
GO:0051649	only_in	NCBITaxon:131567	cellular organisms
GO:0051663	only_in	NCBITaxon:6656	Arthropoda
GO:0051882	only_in	NCBITaxon:2759	Eukaryota
GO:0051960	only_in	NCBITaxon:6072	Eumetazoa
GO:0052200	never_in	NCBITaxon:33090	Viridiplantae
GO:0052200	never_in	NCBITaxon:7742	Vertebrata
GO:0052324	only_in	NCBITaxon:33090	Viridiplantae
GO:0052325	only_in	NCBITaxon:33090	Viridiplantae
GO:0052553	never_in	NCBITaxon:33090	Viridiplantae
GO:0052553	never_in	NCBITaxon:7742	Vertebrata
GO:0052907	only_in	NCBITaxon_Union:0000004	Prokaryota
GO:0055044	only_in	NCBITaxon:33090	Viridiplantae
GO:0055045	only_in	NCBITaxon:3398	Magnoliopsida
GO:0055046	only_in	NCBITaxon:3398	Magnoliopsida
GO:0055051	only_in	NCBITaxon:2759	Eukaryota
GO:0055052	only_in	NCBITaxon_Union:0000004	Prokaryota
GO:0055100	never_in	NCBITaxon:4751	Fungi
GO:0055120	only_in	NCBITaxon:6072	Eumetazoa
GO:0060023	never_in	NCBITaxon:8782	Aves
GO:0060033	only_in	NCBITaxon:2759	Eukaryota
GO:0060102	only_in	NCBITaxon:33213	Bilateria
GO:0060111	only_in	NCBITaxon:33213	Bilateria
GO:0060156	only_in	NCBITaxon:40674	Mammalia
GO:0060157	never_in	NCBITaxon:8782	Aves
GO:0060250	never_in	NCBITaxon:4751	Fungi
GO:0060271	never_in	NCBITaxon:3176	Zygnematales
GO:0060271	never_in	NCBITaxon:3378	Gnetales
GO:0060271	never_in	NCBITaxon:3398	Magnoliopsida
GO:0060271	never_in	NCBITaxon:4890	Ascomycota
GO:0060271	never_in	NCBITaxon:5782	Dictyostelium
GO:0060271	never_in	NCBITaxon:58019	Pinopsida
GO:0060271	only_in	NCBITaxon:2759	Eukaryota
GO:0060293	only_in	NCBITaxon:33208	Metazoa
GO:0060400	never_in	NCBITaxon:4751	Fungi
GO:0060417	only_in	NCBITaxon:6072	Eumetazoa
GO:0060418	only_in	NCBITaxon:33208	Metazoa
GO:0060539	never_in	NCBITaxon:8782	Aves
GO:0060540	never_in	NCBITaxon:8782	Aves
GO:0060818	never_in	NCBITaxon:9606	Homo sapiens
GO:0060856	only_in	NCBITaxon:6072	Eumetazoa
GO:0060918	only_in	NCBITaxon:33090	Viridiplantae
GO:0060998	only_in	NCBITaxon:7742	Vertebrata
GO:0061061	only_in	NCBITaxon:6072	Eumetazoa
GO:0061302	never_in	NCBITaxon:4751	Fungi
GO:0061319	only_in	NCBITaxon:50557	Insecta
GO:0061468	only_in	NCBITaxon:2759	Eukaryota
GO:0061512	never_in	NCBITaxon:3176	Zygnematales
GO:0061512	never_in	NCBITaxon:3378	Gnetales
GO:0061512	never_in	NCBITaxon:3398	Magnoliopsida
GO:0061512	never_in	NCBITaxon:4890	Ascomycota
GO:0061512	never_in	NCBITaxon:5782	Dictyostelium
GO:0061512	never_in	NCBITaxon:58019	Pinopsida
GO:0061512	only_in	NCBITaxon:2759	Eukaryota
GO:0061639	only_in	NCBITaxon:2157	Archaea
GO:0061675	never_in	NCBITaxon:4751	Fungi
GO:0061701	only_in	NCBITaxon:2	Bacteria
GO:0061708	never_in	NCBITaxon:4751	Fungi
GO:0061737	never_in	NCBITaxon:4751	Fungi
GO:0061772	only_in	NCBITaxon:7742	Vertebrata
GO:0061822	only_in	NCBITaxon:50557	Insecta
GO:0061823	only_in	NCBITaxon:50557	Insecta
GO:0062089	only_in	NCBITaxon:33208	Metazoa
GO:0062097	only_in	NCBITaxon_Union:0000004	Prokaryota
GO:0062200	only_in	NCBITaxon:4751	Fungi
GO:0070057	only_in	NCBITaxon:4751	Fungi
GO:0070074	only_in	NCBITaxon:2759	Eukaryota
GO:0070097	never_in	NCBITaxon:4751	Fungi
GO:0070124	only_in	NCBITaxon:2759	Eukaryota
GO:0070125	only_in	NCBITaxon:2759	Eukaryota
GO:0070126	only_in	NCBITaxon:2759	Eukaryota
GO:0070193	never_in	NCBITaxon:4896	Schizosaccharomyces pombe
GO:0070196	only_in	NCBITaxon:2759	Eukaryota
GO:0070258	only_in	NCBITaxon:5794	Apicomplexa
GO:0070324	only_in	NCBITaxon:6072	Eumetazoa
GO:0070342	never_in	NCBITaxon:8782	Aves
GO:0070485	never_in	NCBITaxon:4896	Schizosaccharomyces pombe
GO:0070523	never_in	NCBITaxon:50557	Insecta
GO:0070524	never_in	NCBITaxon:50557	Insecta
GO:0070527	only_in	NCBITaxon:33208	Metazoa
GO:0070531	only_in	NCBITaxon:6072	Eumetazoa
GO:0070631	only_in	NCBITaxon:4751	Fungi
GO:0070648	only_in	NCBITaxon:2759	Eukaryota
GO:0070661	only_in	NCBITaxon:7742	Vertebrata
GO:0070787	never_in	NCBITaxon:147554	Schizosaccharomycetes
GO:0070787	never_in	NCBITaxon:2	Bacteria
GO:0070787	never_in	NCBITaxon:2157	Archaea
GO:0070787	never_in	NCBITaxon:241407	Saccharomycetales incertae sedis
GO:0070787	never_in	NCBITaxon:33208	Metazoa
GO:0070787	never_in	NCBITaxon:451866	Taphrinomycotina
GO:0070787	never_in	NCBITaxon:4930	Saccharomyces
GO:0070788	never_in	NCBITaxon:147554	Schizosaccharomycetes
GO:0070788	never_in	NCBITaxon:2	Bacteria
GO:0070788	never_in	NCBITaxon:2157	Archaea
GO:0070788	never_in	NCBITaxon:241407	Saccharomycetales incertae sedis
GO:0070788	never_in	NCBITaxon:33208	Metazoa
GO:0070788	never_in	NCBITaxon:451866	Taphrinomycotina
GO:0070788	never_in	NCBITaxon:4930	Saccharomyces
GO:0070789	never_in	NCBITaxon:147554	Schizosaccharomycetes
GO:0070789	never_in	NCBITaxon:2	Bacteria
GO:0070789	never_in	NCBITaxon:2157	Archaea
GO:0070789	never_in	NCBITaxon:241407	Saccharomycetales incertae sedis
GO:0070789	never_in	NCBITaxon:33208	Metazoa
GO:0070789	never_in	NCBITaxon:451866	Taphrinomycotina
GO:0070789	never_in	NCBITaxon:4930	Saccharomyces
GO:0070790	never_in	NCBITaxon:147554	Schizosaccharomycetes
GO:0070790	never_in	NCBITaxon:2	Bacteria
GO:0070790	never_in	NCBITaxon:2157	Archaea
GO:0070790	never_in	NCBITaxon:241407	Saccharomycetales incertae sedis
GO:0070790	never_in	NCBITaxon:33208	Metazoa
GO:0070790	never_in	NCBITaxon:451866	Taphrinomycotina
GO:0070790	never_in	NCBITaxon:4930	Saccharomyces
GO:0070793	never_in	NCBITaxon:147554	Schizosaccharomycetes
GO:0070793	never_in	NCBITaxon:2	Bacteria
GO:0070793	never_in	NCBITaxon:2157	Archaea
GO:0070793	never_in	NCBITaxon:241407	Saccharomycetales incertae sedis
GO:0070793	never_in	NCBITaxon:33208	Metazoa
GO:0070793	never_in	NCBITaxon:451866	Taphrinomycotina
GO:0070793	never_in	NCBITaxon:4930	Saccharomyces
GO:0070802	never_in	NCBITaxon:147554	Schizosaccharomycetes
GO:0070802	never_in	NCBITaxon:2	Bacteria
GO:0070802	never_in	NCBITaxon:2157	Archaea
GO:0070802	never_in	NCBITaxon:241407	Saccharomycetales incertae sedis
GO:0070802	never_in	NCBITaxon:33208	Metazoa
GO:0070802	never_in	NCBITaxon:451866	Taphrinomycotina
GO:0070802	never_in	NCBITaxon:4930	Saccharomyces
GO:0070805	never_in	NCBITaxon:147554	Schizosaccharomycetes
GO:0070805	never_in	NCBITaxon:2	Bacteria
GO:0070805	never_in	NCBITaxon:2157	Archaea
GO:0070805	never_in	NCBITaxon:241407	Saccharomycetales incertae sedis
GO:0070805	never_in	NCBITaxon:33208	Metazoa
GO:0070805	never_in	NCBITaxon:451866	Taphrinomycotina
GO:0070805	never_in	NCBITaxon:4930	Saccharomyces
GO:0070848	never_in	NCBITaxon:2	Bacteria
GO:0070848	never_in	NCBITaxon:2157	Archaea
GO:0070848	never_in	NCBITaxon:4751	Fungi
GO:0070877	never_in	NCBITaxon:4896	Schizosaccharomyces pombe
GO:0070899	only_in	NCBITaxon:2759	Eukaryota
GO:0070900	only_in	NCBITaxon:2759	Eukaryota
GO:0070901	only_in	NCBITaxon:2759	Eukaryota
GO:0070902	only_in	NCBITaxon:2759	Eukaryota
GO:0070903	only_in	NCBITaxon:2759	Eukaryota
GO:0071027	only_in	NCBITaxon:2759	Eukaryota
GO:0071074	only_in	NCBITaxon:2759	Eukaryota
GO:0071142	only_in	NCBITaxon:6072	Eumetazoa
GO:0071212	only_in	NCBITaxon:2759	Eukaryota
GO:0071253	never_in	NCBITaxon:4751	Fungi
GO:0071266	never_in	NCBITaxon:40674	Mammalia
GO:0071563	never_in	NCBITaxon:4896	Schizosaccharomyces pombe
GO:0071588	never_in	NCBITaxon:4751	Fungi
GO:0071629	only_in	NCBITaxon:2759	Eukaryota
GO:0071630	only_in	NCBITaxon:2759	Eukaryota
GO:0071669	only_in	NCBITaxon:33090	Viridiplantae
GO:0071716	never_in	NCBITaxon:4751	Fungi
GO:0071766	only_in	NCBITaxon:2	Bacteria
GO:0071818	never_in	NCBITaxon:4890	Ascomycota
GO:0071875	only_in	NCBITaxon:6072	Eumetazoa
GO:0071887	only_in	NCBITaxon:7742	Vertebrata
GO:0071938	only_in	NCBITaxon:33208	Metazoa
GO:0071973	only_in	NCBITaxon:2	Bacteria
GO:0071990	only_in	NCBITaxon:4751	Fungi
GO:0072002	only_in	NCBITaxon:50557	Insecta
GO:0072324	never_in	NCBITaxon:5878	Ciliophora
GO:0072325	only_in	NCBITaxon:6231	Nematoda
GO:0072326	only_in	NCBITaxon:6231	Nematoda
GO:0072327	only_in	NCBITaxon:6231	Nematoda
GO:0072331	only_in	NCBITaxon:6072	Eumetazoa
GO:0072371	never_in	NCBITaxon:33208	Metazoa
GO:0072487	only_in	NCBITaxon:33208	Metazoa
GO:0072562	only_in	NCBITaxon:6072	Eumetazoa
GO:0072564	only_in	NCBITaxon:33208	Metazoa
GO:0072597	never_in	NCBITaxon:28009	Choanoflagellata
GO:0072597	never_in	NCBITaxon:33208	Metazoa
GO:0072597	never_in	NCBITaxon:4751	Fungi
GO:0072597	never_in	NCBITaxon:554915	Amoebozoa
GO:0072656	only_in	NCBITaxon:2759	Eukaryota
GO:0072690	only_in	NCBITaxon_Union:0000023	Fungi or Bacteria or Archaea
GO:0075259	never_in	NCBITaxon:33208	Metazoa
GO:0075283	never_in	NCBITaxon:33083	Dictyostelia
GO:0075306	never_in	NCBITaxon:147554	Schizosaccharomycetes
GO:0075306	never_in	NCBITaxon:2	Bacteria
GO:0075306	never_in	NCBITaxon:2157	Archaea
GO:0075306	never_in	NCBITaxon:241407	Saccharomycetales incertae sedis
GO:0075306	never_in	NCBITaxon:33208	Metazoa
GO:0075306	never_in	NCBITaxon:451866	Taphrinomycotina
GO:0075306	never_in	NCBITaxon:4930	Saccharomyces
GO:0075321	only_in	NCBITaxon:4762	Oomycota
GO:0080086	only_in	NCBITaxon:33090	Viridiplantae
GO:0080156	only_in	NCBITaxon:2759	Eukaryota
GO:0080161	only_in	NCBITaxon:33090	Viridiplantae
GO:0080175	only_in	NCBITaxon:33090	Viridiplantae
GO:0080186	only_in	NCBITaxon:33090	Viridiplantae
GO:0080188	only_in	NCBITaxon:33090	Viridiplantae
GO:0086036	only_in	NCBITaxon:33208	Metazoa
GO:0086042	never_in	NCBITaxon:2	Bacteria
GO:0086042	never_in	NCBITaxon:2157	Archaea
GO:0086042	never_in	NCBITaxon:33090	Viridiplantae
GO:0086042	never_in	NCBITaxon:4751	Fungi
GO:0086080	never_in	NCBITaxon:2	Bacteria
GO:0086080	never_in	NCBITaxon:2157	Archaea
GO:0086080	never_in	NCBITaxon:4751	Fungi
GO:0089719	never_in	NCBITaxon:4751	Fungi
GO:0090078	never_in	NCBITaxon:4751	Fungi
GO:0090136	never_in	NCBITaxon:2	Bacteria
GO:0090136	never_in	NCBITaxon:2157	Archaea
GO:0090136	never_in	NCBITaxon:33090	Viridiplantae
GO:0090136	never_in	NCBITaxon:4751	Fungi
GO:0090139	only_in	NCBITaxon:2759	Eukaryota
GO:0090210	only_in	NCBITaxon:6072	Eumetazoa
GO:0090395	only_in	NCBITaxon:33090	Viridiplantae
GO:0090398	never_in	NCBITaxon:4751	Fungi
GO:0090399	only_in	NCBITaxon:33208	Metazoa
GO:0090540	only_in	NCBITaxon:2	Bacteria
GO:0090558	only_in	NCBITaxon:33090	Viridiplantae
GO:0090597	only_in	NCBITaxon:6231	Nematoda
GO:0090615	only_in	NCBITaxon:2759	Eukaryota
GO:0090616	only_in	NCBITaxon:2759	Eukaryota
GO:0090632	never_in	NCBITaxon:9606	Homo sapiens
GO:0090646	only_in	NCBITaxon:2759	Eukaryota
GO:0090652	only_in	NCBITaxon:33208	Metazoa
GO:0090698	never_in	NCBITaxon:4751	Fungi
GO:0097010	only_in	NCBITaxon:2759	Eukaryota
GO:0097094	only_in	NCBITaxon:7742	Vertebrata
GO:0097108	never_in	NCBITaxon:4751	Fungi
GO:0097195	only_in	NCBITaxon:40674	Mammalia
GO:0097206	only_in	NCBITaxon:50557	Insecta
GO:0097207	only_in	NCBITaxon:33090	Viridiplantae
GO:0097218	only_in	NCBITaxon:3398	Magnoliopsida
GO:0097222	only_in	NCBITaxon:2759	Eukaryota
GO:0097271	never_in	NCBITaxon:33208	Metazoa
GO:0097271	never_in	NCBITaxon:4896	Schizosaccharomyces pombe
GO:0097283	never_in	NCBITaxon:6656	Arthropoda
GO:0097347	only_in	NCBITaxon:2	Bacteria
GO:0097351	never_in	NCBITaxon:2759	Eukaryota
GO:0097371	never_in	NCBITaxon:4751	Fungi
GO:0097387	only_in	NCBITaxon:7203	Brachycera
GO:0097413	only_in	NCBITaxon:33208	Metazoa
GO:0097418	only_in	NCBITaxon:33208	Metazoa
GO:0097497	only_in	NCBITaxon:33208	Metazoa
GO:0097554	only_in	NCBITaxon:5738	Diplomonadida
GO:0097555	only_in	NCBITaxon:5738	Diplomonadida
GO:0097556	only_in	NCBITaxon:5738	Diplomonadida
GO:0097557	only_in	NCBITaxon:5738	Diplomonadida
GO:0097558	only_in	NCBITaxon:5738	Diplomonadida
GO:0097559	only_in	NCBITaxon:5738	Diplomonadida
GO:0097560	only_in	NCBITaxon:5738	Diplomonadida
GO:0097561	only_in	NCBITaxon:5738	Diplomonadida
GO:0097562	only_in	NCBITaxon:5738	Diplomonadida
GO:0097563	only_in	NCBITaxon:5738	Diplomonadida
GO:0097564	only_in	NCBITaxon:5738	Diplomonadida
GO:0097565	only_in	NCBITaxon:5738	Diplomonadida
GO:0097566	only_in	NCBITaxon:5738	Diplomonadida
GO:0097567	only_in	NCBITaxon:5738	Diplomonadida
GO:0097568	only_in	NCBITaxon:5740	Giardia
GO:0097569	only_in	NCBITaxon:5740	Giardia
GO:0097571	only_in	NCBITaxon:5738	Diplomonadida
GO:0097572	only_in	NCBITaxon:5738	Diplomonadida
GO:0097581	never_in	NCBITaxon:4751	Fungi
GO:0097588	never_in	NCBITaxon:2759	Eukaryota
GO:0097589	only_in	NCBITaxon:2157	Archaea
GO:0097590	only_in	NCBITaxon:2157	Archaea
GO:0097597	only_in	NCBITaxon:5740	Giardia
GO:0097608	only_in	NCBITaxon:2864	Dinophyceae
GO:0097609	only_in	NCBITaxon:2864	Dinophyceae
GO:0097611	only_in	NCBITaxon:2864	Dinophyceae
GO:0097612	only_in	NCBITaxon:2864	Dinophyceae
GO:0097613	only_in	NCBITaxon:2864	Dinophyceae
GO:0097614	only_in	NCBITaxon:2864	Dinophyceae
GO:0097618	only_in	NCBITaxon:2864	Dinophyceae
GO:0097619	only_in	NCBITaxon:5820	Plasmodium
GO:0097641	only_in	NCBITaxon:4751	Fungi
GO:0097651	never_in	NCBITaxon:4932	Saccharomyces cerevisiae
GO:0097652	never_in	NCBITaxon:4932	Saccharomyces cerevisiae
GO:0097677	never_in	NCBITaxon:4751	Fungi
GO:0097678	never_in	NCBITaxon:4751	Fungi
GO:0097683	only_in	NCBITaxon:2864	Dinophyceae
GO:0097684	only_in	NCBITaxon:2864	Dinophyceae
GO:0097685	only_in	NCBITaxon:2864	Dinophyceae
GO:0097691	only_in	NCBITaxon:2	Bacteria
GO:0097693	only_in	NCBITaxon:2864	Dinophyceae
GO:0097699	never_in	NCBITaxon:4751	Fungi
GO:0097700	never_in	NCBITaxon:4751	Fungi
GO:0097705	never_in	NCBITaxon:4751	Fungi
GO:0097706	never_in	NCBITaxon:4751	Fungi
GO:0097716	only_in	NCBITaxon:6072	Eumetazoa
GO:0097723	never_in	NCBITaxon:6960	Hexapoda
GO:0097723	only_in	NCBITaxon:1206794	Ecdysozoa
GO:0097727	never_in	NCBITaxon:3176	Zygnematales
GO:0097727	never_in	NCBITaxon:3378	Gnetales
GO:0097727	never_in	NCBITaxon:3398	Magnoliopsida
GO:0097727	never_in	NCBITaxon:58019	Pinopsida
GO:0097727	only_in	NCBITaxon:35493	Streptophyta
GO:0097736	only_in	NCBITaxon_Union:0000020	Fungi or Bacteria
GO:0097737	only_in	NCBITaxon_Union:0000020	Fungi or Bacteria
GO:0097738	only_in	NCBITaxon_Union:0000020	Fungi or Bacteria
GO:0097740	only_in	NCBITaxon:33682	Euglenozoa
GO:0097741	only_in	NCBITaxon_Union:0000031	Stramenopiles or Cryptophyta
GO:0097743	never_in	NCBITaxon:3176	Zygnematales
GO:0097743	never_in	NCBITaxon:3378	Gnetales
GO:0097743	never_in	NCBITaxon:3398	Magnoliopsida
GO:0097743	never_in	NCBITaxon:58019	Pinopsida
GO:0097743	only_in	NCBITaxon:35493	Streptophyta
GO:0097745	only_in	NCBITaxon:2759	Eukaryota
GO:0098046	only_in	NCBITaxon:2	Bacteria
GO:0098521	never_in	NCBITaxon:7742	Vertebrata
GO:0098536	only_in	NCBITaxon:33208	Metazoa
GO:0098593	only_in	NCBITaxon:33208	Metazoa
GO:0098610	never_in	NCBITaxon:33090	Viridiplantae
GO:0098610	never_in	NCBITaxon:33208	Metazoa
GO:0098619	never_in	NCBITaxon:3193	Embryophyta
GO:0098619	never_in	NCBITaxon:451864	Dikarya
GO:0098706	only_in	NCBITaxon:2	Bacteria
GO:0098769	never_in	NCBITaxon:4751	Fungi
GO:0098770	never_in	NCBITaxon:4751	Fungi
GO:0098795	only_in	NCBITaxon:2	Bacteria
GO:0099003	only_in	NCBITaxon:33208	Metazoa
GO:0099536	only_in	NCBITaxon:33208	Metazoa
GO:0099546	only_in	NCBITaxon:33208	Metazoa
GO:0099547	only_in	NCBITaxon:33208	Metazoa
GO:0099563	only_in	NCBITaxon:33208	Metazoa
GO:0099574	only_in	NCBITaxon:33208	Metazoa
GO:0099622	only_in	NCBITaxon:33208	Metazoa
GO:0099643	only_in	NCBITaxon:33208	Metazoa
GO:0101024	only_in	NCBITaxon:2759	Eukaryota
GO:0101026	only_in	NCBITaxon:2759	Eukaryota
GO:0103012	only_in	NCBITaxon_Union:0000002	Viridiplantae or Cyanobacteria
GO:0103016	never_in	NCBITaxon:33208	Metazoa
GO:0106036	never_in	NCBITaxon:2	Bacteria
GO:0106036	never_in	NCBITaxon:2157	Archaea
GO:0106036	never_in	NCBITaxon:4896	Schizosaccharomyces pombe
GO:0106036	never_in	NCBITaxon:4932	Saccharomyces cerevisiae
GO:0106037	never_in	NCBITaxon:2	Bacteria
GO:0106037	never_in	NCBITaxon:2157	Archaea
GO:0106037	never_in	NCBITaxon:4896	Schizosaccharomyces pombe
GO:0106037	never_in	NCBITaxon:4932	Saccharomyces cerevisiae
GO:0106059	only_in	NCBITaxon:2157	Archaea
GO:0106123	only_in	NCBITaxon:47570	Schizotrypanum
GO:0106124	only_in	NCBITaxon:47570	Schizotrypanum
GO:0106125	only_in	NCBITaxon:47570	Schizotrypanum
GO:0106126	only_in	NCBITaxon:47570	Schizotrypanum
GO:0106281	never_in	NCBITaxon:50557	Insecta
GO:0106282	never_in	NCBITaxon:50557	Insecta
GO:0106283	never_in	NCBITaxon:50557	Insecta
GO:0106314	only_in	NCBITaxon:2759	Eukaryota
GO:0106340	never_in	NCBITaxon:2157	Archaea
GO:0120020	never_in	NCBITaxon:4751	Fungi
GO:0120098	only_in	NCBITaxon:6072	Eumetazoa
GO:0120099	only_in	NCBITaxon:6072	Eumetazoa
GO:0120118	only_in	NCBITaxon:5653	Kinetoplastea
GO:0120119	only_in	NCBITaxon:5653	Kinetoplastea
GO:0120120	only_in	NCBITaxon:5653	Kinetoplastea
GO:0120121	only_in	NCBITaxon:5653	Kinetoplastea
GO:0120164	never_in	NCBITaxon:147554	Schizosaccharomycetes
GO:0120164	never_in	NCBITaxon:2	Bacteria
GO:0120164	never_in	NCBITaxon:2157	Archaea
GO:0120164	never_in	NCBITaxon:241407	Saccharomycetales incertae sedis
GO:0120164	never_in	NCBITaxon:33208	Metazoa
GO:0120164	never_in	NCBITaxon:451866	Taphrinomycotina
GO:0120164	never_in	NCBITaxon:4930	Saccharomyces
GO:0120259	only_in	NCBITaxon:33208	Metazoa
GO:0120260	only_in	NCBITaxon:5653	Kinetoplastea
GO:0120268	only_in	NCBITaxon:33682	Euglenozoa
GO:0120269	only_in	NCBITaxon:5653	Kinetoplastea
GO:0120273	only_in	NCBITaxon:5653	Kinetoplastea
GO:0120307	only_in	NCBITaxon:33090	Viridiplantae
GO:0120309	only_in	NCBITaxon:5653	Kinetoplastea
GO:0120310	only_in	NCBITaxon:5654	Trypanosomatidae
GO:0120324	only_in	NCBITaxon:5654	Trypanosomatidae
GO:0120549	only_in	NCBITaxon:2	Bacteria
GO:0120576	only_in	NCBITaxon:50557	Insecta
GO:0120577	only_in	NCBITaxon:50557	Insecta
GO:0140007	only_in	NCBITaxon:7742	Vertebrata
GO:0140022	only_in	NCBITaxon:6073	Cnidaria
GO:0140040	only_in	NCBITaxon:2759	Eukaryota
GO:0140041	only_in	NCBITaxon:131567	cellular organisms
GO:0140053	only_in	NCBITaxon:2759	Eukaryota
GO:0140094	only_in	NCBITaxon:40674	Mammalia
GO:0140095	only_in	NCBITaxon:40674	Mammalia
GO:0140223	never_in	NCBITaxon:2	Bacteria
GO:0140241	only_in	NCBITaxon:33208	Metazoa
GO:0140243	only_in	NCBITaxon:33208	Metazoa
GO:0140246	only_in	NCBITaxon:33208	Metazoa
GO:0140250	only_in	NCBITaxon:33208	Metazoa
GO:0140266	only_in	NCBITaxon:4890	Ascomycota
GO:0140384	only_in	NCBITaxon:5654	Trypanosomatidae
GO:0140400	only_in	NCBITaxon:6231	Nematoda
GO:0140446	only_in	NCBITaxon:4751	Fungi
GO:0140494	only_in	NCBITaxon:2759	Eukaryota
GO:0140495	only_in	NCBITaxon:7742	Vertebrata
GO:0140525	only_in	NCBITaxon:5653	Kinetoplastea
GO:0140528	only_in	NCBITaxon:5653	Kinetoplastea
GO:0140549	only_in	NCBITaxon:2	Bacteria
GO:0140582	only_in	NCBITaxon:33083	Dictyostelia
GO:0140604	only_in	NCBITaxon_Union:0000004	Prokaryota
GO:0140643	never_in	NCBITaxon:2759	Eukaryota
GO:0140671	never_in	NCBITaxon:4896	Schizosaccharomyces pombe
GO:0140672	never_in	NCBITaxon:4751	Fungi
GO:0140690	only_in	NCBITaxon:2	Bacteria
GO:0140737	never_in	NCBITaxon:2759	Eukaryota
GO:0140781	only_in	NCBITaxon:4751	Fungi
GO:0140782	only_in	NCBITaxon:4751	Fungi
GO:0140783	only_in	NCBITaxon:4751	Fungi
GO:0140858	never_in	NCBITaxon:4890	Ascomycota
GO:0140993	never_in	NCBITaxon:2	Bacteria
GO:0141035	only_in	NCBITaxon:4751	Fungi
GO:0141063	only_in	NCBITaxon:33090	Viridiplantae
GO:0141065	only_in	NCBITaxon:2759	Eukaryota
GO:0141091	only_in	NCBITaxon:6072	Eumetazoa
GO:0141133	only_in	NCBITaxon:2759	Eukaryota
GO:0141152	never_in	NCBITaxon:2157	Archaea
GO:0141153	only_in	NCBITaxon_Union:0000004	Prokaryota
GO:0141169	only_in	NCBITaxon:33090	Viridiplantae
GO:0150064	only_in	NCBITaxon:7742	Vertebrata
GO:0150077	only_in	NCBITaxon:7742	Vertebrata
GO:0150104	only_in	NCBITaxon:6072	Eumetazoa
GO:0160032	only_in	NCBITaxon:50557	Insecta
GO:0160045	only_in	NCBITaxon:2759	Eukaryota
GO:0160062	only_in	NCBITaxon:3193	Embryophyta
GO:0160092	only_in	NCBITaxon:5820	Plasmodium
GO:0160108	only_in	NCBITaxon:33208	Metazoa
GO:0160109	only_in	NCBITaxon:33090	Viridiplantae
GO:0160175	only_in	NCBITaxon:6656	Arthropoda
GO:0160201	only_in	NCBITaxon:2759	Eukaryota
GO:0160208	only_in	NCBITaxon:6231	Nematoda
GO:0160237	only_in	NCBITaxon:2	Bacteria
GO:0160253	only_in	NCBITaxon:2	Bacteria
GO:0160254	only_in	NCBITaxon:2	Bacteria
GO:0160269	only_in	NCBITaxon:40674	Mammalia
GO:0170064	never_in	NCBITaxon:4751	Fungi
GO:0170078	only_in	NCBITaxon:33083	Dictyostelia
GO:1900027	never_in	NCBITaxon:2	Bacteria
GO:1900027	never_in	NCBITaxon:33090	Viridiplantae
GO:1900027	never_in	NCBITaxon:4751	Fungi
GO:1900136	never_in	NCBITaxon:4751	Fungi
GO:1900160	never_in	NCBITaxon:2	Bacteria
GO:1900160	never_in	NCBITaxon:2157	Archaea
GO:1900160	never_in	NCBITaxon:28009	Choanoflagellata
GO:1900160	never_in	NCBITaxon:33208	Metazoa
GO:1900160	never_in	NCBITaxon:4751	Fungi
GO:1900160	never_in	NCBITaxon:554915	Amoebozoa
GO:1900727	only_in	NCBITaxon:2	Bacteria
GO:1900864	only_in	NCBITaxon:2759	Eukaryota
GO:1900865	never_in	NCBITaxon:28009	Choanoflagellata
GO:1900865	never_in	NCBITaxon:33208	Metazoa
GO:1900865	never_in	NCBITaxon:4751	Fungi
GO:1900865	never_in	NCBITaxon:554915	Amoebozoa
GO:1900871	never_in	NCBITaxon:28009	Choanoflagellata
GO:1900871	never_in	NCBITaxon:33208	Metazoa
GO:1900871	never_in	NCBITaxon:4751	Fungi
GO:1900871	never_in	NCBITaxon:554915	Amoebozoa
GO:1901142	never_in	NCBITaxon:2	Bacteria
GO:1901142	never_in	NCBITaxon:2157	Archaea
GO:1901142	never_in	NCBITaxon:33090	Viridiplantae
GO:1901142	never_in	NCBITaxon:4751	Fungi
GO:1901174	never_in	NCBITaxon:33208	Metazoa
GO:1901174	never_in	NCBITaxon:4896	Schizosaccharomyces pombe
GO:1901259	never_in	NCBITaxon:28009	Choanoflagellata
GO:1901259	never_in	NCBITaxon:33208	Metazoa
GO:1901259	never_in	NCBITaxon:4751	Fungi
GO:1901259	never_in	NCBITaxon:554915	Amoebozoa
GO:1902017	never_in	NCBITaxon:4751	Fungi
GO:1902217	never_in	NCBITaxon:4751	Fungi
GO:1902251	never_in	NCBITaxon:4751	Fungi
GO:1902252	never_in	NCBITaxon:4751	Fungi
GO:1902896	only_in	NCBITaxon:6072	Eumetazoa
GO:1903000	only_in	NCBITaxon:6072	Eumetazoa
GO:1903298	never_in	NCBITaxon:4896	Schizosaccharomyces pombe
GO:1903395	only_in	NCBITaxon:2759	Eukaryota
GO:1903719	never_in	NCBITaxon:4751	Fungi
GO:1904019	never_in	NCBITaxon:2	Bacteria
GO:1904019	never_in	NCBITaxon:2157	Archaea
GO:1904019	never_in	NCBITaxon:33090	Viridiplantae
GO:1904019	never_in	NCBITaxon:4751	Fungi
GO:1904381	only_in	NCBITaxon:2759	Eukaryota
GO:1904970	never_in	NCBITaxon:4751	Fungi
GO:1905266	only_in	NCBITaxon:2	Bacteria
GO:1905393	only_in	NCBITaxon:33090	Viridiplantae
GO:1905603	only_in	NCBITaxon:6072	Eumetazoa
GO:1905756	only_in	NCBITaxon:2759	Eukaryota
GO:1905951	only_in	NCBITaxon:2759	Eukaryota
GO:1990061	only_in	NCBITaxon:2	Bacteria
GO:1990074	never_in	NCBITaxon:2	Bacteria
GO:1990077	only_in	NCBITaxon_Union:0000004	Prokaryota
GO:1990111	only_in	NCBITaxon:33208	Metazoa
GO:1990180	only_in	NCBITaxon:2759	Eukaryota
GO:1990182	never_in	NCBITaxon:4890	Ascomycota
GO:1990195	only_in	NCBITaxon:2	Bacteria
GO:1990198	only_in	NCBITaxon:2	Bacteria
GO:1990205	only_in	NCBITaxon:2	Bacteria
GO:1990220	only_in	NCBITaxon_Union:0000004	Prokaryota
GO:1990244	never_in	NCBITaxon:4751	Fungi
GO:1990257	only_in	NCBITaxon:6072	Eumetazoa
GO:1990344	only_in	NCBITaxon:2759	Eukaryota
GO:1990357	only_in	NCBITaxon:6072	Eumetazoa
GO:1990377	never_in	NCBITaxon:2	Bacteria
GO:1990377	never_in	NCBITaxon:2157	Archaea
GO:1990377	never_in	NCBITaxon:33090	Viridiplantae
GO:1990377	never_in	NCBITaxon:4751	Fungi
GO:1990379	only_in	NCBITaxon:6072	Eumetazoa
GO:1990405	never_in	NCBITaxon:4751	Fungi
GO:1990413	only_in	NCBITaxon:2759	Eukaryota
GO:1990428	never_in	NCBITaxon:4896	Schizosaccharomyces pombe
GO:1990462	only_in	NCBITaxon:2759	Eukaryota
GO:1990490	only_in	NCBITaxon:2157	Archaea
GO:1990523	only_in	NCBITaxon:6072	Eumetazoa
GO:1990586	only_in	NCBITaxon_Union:0000004	Prokaryota
GO:1990604	never_in	NCBITaxon:4896	Schizosaccharomyces pombe
GO:1990765	only_in	NCBITaxon:7742	Vertebrata
GO:1990770	only_in	NCBITaxon:7742	Vertebrata
GO:1990794	only_in	NCBITaxon:33208	Metazoa
GO:1990901	only_in	NCBITaxon:2	Bacteria
GO:1990902	only_in	NCBITaxon:2	Bacteria
GO:1990905	only_in	NCBITaxon:2864	Dinophyceae
GO:1990917	never_in	NCBITaxon:4751	Fungi
GO:1990936	only_in	NCBITaxon:33208	Metazoa
GO:1990962	only_in	NCBITaxon:6072	Eumetazoa
GO:1990963	only_in	NCBITaxon:7742	Vertebrata
GO:1990965	only_in	NCBITaxon:2	Bacteria
GO:2000012	only_in	NCBITaxon:33090	Viridiplantae
GO:2000036	never_in	NCBITaxon:4751	Fungi
GO:2000097	never_in	NCBITaxon:4751	Fungi
GO:2000630	never_in	NCBITaxon:4896	Schizosaccharomyces pombe
GO:2000636	never_in	NCBITaxon:4896	Schizosaccharomyces pombe
GO:2000827	only_in	NCBITaxon:2759	Eukaryota
GO:2001222	only_in	NCBITaxon:33208	Metazoa
GO:2001235	never_in	NCBITaxon:4896	Schizosaccharomyces pombe
GO:2001310	only_in	NCBITaxon:4751	Fungi
GO:7770003	never_in	NCBITaxon:50557	Insecta
GO:7770126	only_in	NCBITaxon:2759	Eukaryota
